-----------------------------------
--1. 사용자정보 T_MEMBER
SELECT * FROM T_MEMBER;


INSERT INTO T_MEMBER(ID, PW, NAME, MOBILE_NO, RRN, BIRTHDAY, AGE, GENDER, ISNATIVE, MANAGER_NO, USER_TYPE, ADDRESS, ADDRESS_DETAIL) VALUES ('test1', 'test1', '구본성', '010-4773-9853', '950101-1111111', TO_DATE('1995-01-01'), 26, 'M', 'N', '1001', 'U', '경기 광명시', '융기원');
INSERT INTO T_MEMBER(ID, PW, NAME, MOBILE_NO, RRN, BIRTHDAY, AGE, GENDER, ISNATIVE, MANAGER_NO, USER_TYPE, ADDRESS, ADDRESS_DETAIL) VALUES ('test2', 'test2', '안효진', '010-1111-2222', '950101-2111111', TO_DATE('1995-01-01'), 26, 'M', 'N', '1002', 'U', '서울 영등포구', '용산');
INSERT INTO T_MEMBER(ID, PW, NAME, MOBILE_NO, RRN, BIRTHDAY, AGE, GENDER, ISNATIVE, MANAGER_NO, USER_TYPE, ADDRESS, ADDRESS_DETAIL) VALUES ('test3', 'test3', '윤정환', '010-3333-4444', '920101-1111111', TO_DATE('1995-01-01'), 26, 'M', 'N', '1003', 'U', '서울 영등포구', '용산');
INSERT INTO T_MEMBER(ID, PW, NAME, MOBILE_NO, RRN, BIRTHDAY, AGE, GENDER, ISNATIVE, MANAGER_NO, USER_TYPE, ADDRESS, ADDRESS_DETAIL) VALUES ('test4', 'test4', '황준호', '010-5555-6666', '940101-1111111', TO_DATE('1995-01-01'), 26, 'M', 'N', '1004', 'U', '서울 영등포구', '용산');
INSERT INTO T_MEMBER(ID, PW, NAME, MOBILE_NO, RRN, BIRTHDAY, AGE, GENDER, ISNATIVE, MANAGER_NO, USER_TYPE, ADDRESS, ADDRESS_DETAIL) VALUES ('test5', 'test5', '안종범', '010-7777-8888', '930101-1111111', TO_DATE('1995-01-01'), 26, 'M', 'N', '1005', 'U', '서울 영등포구', '용산');
INSERT INTO T_MEMBER(ID, PW, NAME, MOBILE_NO, RRN, BIRTHDAY, AGE, GENDER, ISNATIVE, MANAGER_NO, USER_TYPE, ADDRESS, ADDRESS_DETAIL) VALUES ('test6', 'test6', '김회원', '010-1111-1112', '950101-1111112', TO_DATE('1995-01-01'), 26, 'M', 'N', '1006', 'U', '서울 영등포구', '용산');
INSERT INTO T_MEMBER(ID, PW, NAME, MOBILE_NO, RRN, BIRTHDAY, AGE, GENDER, ISNATIVE, MANAGER_NO, USER_TYPE, ADDRESS, ADDRESS_DETAIL) VALUES ('test7', 'test7', '안회원', '010-1111-2223', '950101-1111113', TO_DATE('1995-01-01'), 26, 'M', 'N', '1007', 'U', '서울 영등포구', '용산');
INSERT INTO T_MEMBER(ID, PW, NAME, MOBILE_NO, RRN, BIRTHDAY, AGE, GENDER, ISNATIVE, MANAGER_NO, USER_TYPE, ADDRESS, ADDRESS_DETAIL) VALUES ('test8', 'test8', '조회원', '010-1111-2224', '950101-1111114', TO_DATE('1995-01-01'), 26, 'F', 'N', '1008', 'U', '서울 영등포구', '용산');
INSERT INTO T_MEMBER(ID, PW, NAME, MOBILE_NO, RRN, BIRTHDAY, AGE, GENDER, ISNATIVE, MANAGER_NO, USER_TYPE, ADDRESS, ADDRESS_DETAIL) VALUES ('test9', 'test9', '윤회원', '010-1111-2225', '950101-1111115', TO_DATE('1995-01-01'), 26, 'F', 'F', '1009', 'U', '서울 영등포구', '용산');
INSERT INTO T_MEMBER(ID, PW, NAME, MOBILE_NO, RRN, BIRTHDAY, AGE, GENDER, ISNATIVE, MANAGER_NO, USER_TYPE, ADDRESS, ADDRESS_DETAIL) VALUES ('test10', 'test10', '구회원', '010-1111-2226', '950101-1111161', TO_DATE('1995-01-01'), 26, 'F', 'F', '1010', 'U', '서울 영등포구', '용산');

commit;

-----------------------------------
--2. 카드 CARD
SELECT * FROM CARD;

INSERT INTO CARD (CARD_CODE, CARD_NAME, CARD_TYPE, ANNUAL_FEE) VALUES (1001.0, '모두의 신세계 하나카드', 'CREDIT', 12000.0);
INSERT INTO CARD (CARD_CODE, CARD_NAME, CARD_TYPE, ANNUAL_FEE) VALUES (1002.0, 'MULTI ON', 'CREDIT', 12000.0);
INSERT INTO CARD (CARD_CODE, CARD_NAME, CARD_TYPE, ANNUAL_FEE) VALUES (1003.0, 'MULTI Living', 'CREDIT', 12000.0);
INSERT INTO CARD (CARD_CODE, CARD_NAME, CARD_TYPE, ANNUAL_FEE) VALUES (1004.0, 'MULTI Young', 'CREDIT', 12000.0);
INSERT INTO CARD (CARD_CODE, CARD_NAME, CARD_TYPE, ANNUAL_FEE) VALUES (1005.0, '하나 국민행복카드', 'CREDIT', 0.0);
INSERT INTO CARD (CARD_CODE, CARD_NAME, CARD_TYPE, ANNUAL_FEE) VALUES (1006.0, 'CLUB SK (클럽SK)', 'CREDIT', 6000.0);
INSERT INTO CARD (CARD_CODE, CARD_NAME, CARD_TYPE, ANNUAL_FEE) VALUES (1007.0, 'MULTI Any', 'CREDIT', 12000.0);
INSERT INTO CARD (CARD_CODE, CARD_NAME, CARD_TYPE, ANNUAL_FEE) VALUES (1008.0, '모두의 건강', 'CREDIT', 15000.0);
INSERT INTO CARD (CARD_CODE, CARD_NAME, CARD_TYPE, ANNUAL_FEE) VALUES (1009.0, 'MULTI Oil', 'CREDIT', 15000.0);
INSERT INTO CARD (CARD_CODE, CARD_NAME, CARD_TYPE, ANNUAL_FEE) VALUES (1010.0, 'Mile 1.6 대한항공', 'CREDIT', 45000.0);
INSERT INTO CARD (CARD_CODE, CARD_NAME, CARD_TYPE, ANNUAL_FEE) VALUES (1011.0, 'Any PLUS (애니플러스)', 'CREDIT', 15000.0);
INSERT INTO CARD (CARD_CODE, CARD_NAME, CARD_TYPE, ANNUAL_FEE) VALUES (1012.0, 'My Trip SKYPASS 카드', 'CREDIT', 30000.0);
INSERT INTO CARD (CARD_CODE, CARD_NAME, CARD_TYPE, ANNUAL_FEE) VALUES (1013.0, '1Q Shopping+ (원큐 쇼핑플러스)', 'CREDIT', 10000.0);
INSERT INTO CARD (CARD_CODE, CARD_NAME, CARD_TYPE, ANNUAL_FEE) VALUES (1014.0, 'My Trip AsianaClub 카드', 'CREDIT', 30000.0);
INSERT INTO CARD (CARD_CODE, CARD_NAME, CARD_TYPE, ANNUAL_FEE) VALUES (1015.0, '통커 카드', 'CREDIT', 20000.0);
INSERT INTO CARD (CARD_CODE, CARD_NAME, CARD_TYPE, ANNUAL_FEE) VALUES (1016.0, 'CLUB Signature SKYPASS', 'CREDIT', 150000.0);
INSERT INTO CARD (CARD_CODE, CARD_NAME, CARD_TYPE, ANNUAL_FEE) VALUES (1017.0, '#tag1카드 Navy (태그원카드 네이비)', 'CREDIT', 12000.0);
INSERT INTO CARD (CARD_CODE, CARD_NAME, CARD_TYPE, ANNUAL_FEE) VALUES (1018.0, '하나멤버스 1Q카드 내맘대로 트렌디형', 'CREDIT', 10000.0);
INSERT INTO CARD (CARD_CODE, CARD_NAME, CARD_TYPE, ANNUAL_FEE) VALUES (1019.0, '하나멤버스 1Q카드 내맘대로 직장인형', 'CREDIT', 10000.0);
INSERT INTO CARD (CARD_CODE, CARD_NAME, CARD_TYPE, ANNUAL_FEE) VALUES (1020.0, '하나멤버스 1Q카드 내맘대로 생활형', 'CREDIT', 10000.0);
INSERT INTO CARD (CARD_CODE, CARD_NAME, CARD_TYPE, ANNUAL_FEE) VALUES (1021.0, '하나멤버스 1Q카드 내맘대로 웰빙형', 'CREDIT', 10000.0);
INSERT INTO CARD (CARD_CODE, CARD_NAME, CARD_TYPE, ANNUAL_FEE) VALUES (1022.0, '하나멤버스 1Q카드 내맘대로 여행형', 'CREDIT', 10000.0);
INSERT INTO CARD (CARD_CODE, CARD_NAME, CARD_TYPE, ANNUAL_FEE) VALUES (1023.0, '모두의 쇼핑', 'CREDIT', 15000.0);
INSERT INTO CARD (CARD_CODE, CARD_NAME, CARD_TYPE, ANNUAL_FEE) VALUES (1024.0, '1Q Special+ (원큐 스페셜플러스)', 'CREDIT', 10000.0);
INSERT INTO CARD (CARD_CODE, CARD_NAME, CARD_TYPE, ANNUAL_FEE) VALUES (1025.0, 'CLUB PREMIER 카드 [Travel]', 'CREDIT', 210000.0);
INSERT INTO CARD (CARD_CODE, CARD_NAME, CARD_TYPE, ANNUAL_FEE) VALUES (1026.0, 'CLUB Primus Skypass', 'CREDIT', 100000.0);
INSERT INTO CARD (CARD_CODE, CARD_NAME, CARD_TYPE, ANNUAL_FEE) VALUES (1027.0, '1Q Daily+ (원큐 데일리플러스)', 'CREDIT', 10000.0);
INSERT INTO CARD (CARD_CODE, CARD_NAME, CARD_TYPE, ANNUAL_FEE) VALUES (1028.0, 'CLUB PREMIER 카드 [Hotel]', 'CREDIT', 210000.0);
INSERT INTO CARD (CARD_CODE, CARD_NAME, CARD_TYPE, ANNUAL_FEE) VALUES (1029.0, 'Smart Any (스마트애니)', 'CREDIT', 5000.0);
INSERT INTO CARD (CARD_CODE, CARD_NAME, CARD_TYPE, ANNUAL_FEE) VALUES (1030.0, '#tag1카드 Orange (태그원카드 오렌지)', 'CREDIT', 12000.0);
INSERT INTO CARD (CARD_CODE, CARD_NAME, CARD_TYPE, ANNUAL_FEE) VALUES (1031.0, '하나 BC 그린카드 [전국형]', 'CREDIT', 0.0);
INSERT INTO CARD (CARD_CODE, CARD_NAME, CARD_TYPE, ANNUAL_FEE) VALUES (1032.0, 'my pass 마패 카드', 'CREDIT', 17000.0);
INSERT INTO CARD (CARD_CODE, CARD_NAME, CARD_TYPE, ANNUAL_FEE) VALUES (1033.0, 'CLUB Signature Asiana Club', 'CREDIT', 100000.0);
INSERT INTO CARD (CARD_CODE, CARD_NAME, CARD_TYPE, ANNUAL_FEE) VALUES (1034.0, '1Q Global VIVA (원큐 글로벌 비바)', 'CREDIT', 13000.0);
INSERT INTO CARD (CARD_CODE, CARD_NAME, CARD_TYPE, ANNUAL_FEE) VALUES (1035.0, 'Mile 1.6 아시아나', 'CREDIT', 45000.0);
INSERT INTO CARD (CARD_CODE, CARD_NAME, CARD_TYPE, ANNUAL_FEE) VALUES (2001.0, '모두의 일상 체크카드', 'CHECK', 0.0);
INSERT INTO CARD (CARD_CODE, CARD_NAME, CARD_TYPE, ANNUAL_FEE) VALUES (2002.0, 'T1 Young Hana 체크카드', 'CHECK', 0.0);
INSERT INTO CARD (CARD_CODE, CARD_NAME, CARD_TYPE, ANNUAL_FEE) VALUES (2003.0, '모두의 건강 체크카드', 'CHECK', 0.0);
INSERT INTO CARD (CARD_CODE, CARD_NAME, CARD_TYPE, ANNUAL_FEE) VALUES (2004.0, 'L.PAY 하나 체크카드', 'CHECK', 0.0);
INSERT INTO CARD (CARD_CODE, CARD_NAME, CARD_TYPE, ANNUAL_FEE) VALUES (2005.0, '신세계 하나 체크카드', 'CHECK', 0.0);
INSERT INTO CARD (CARD_CODE, CARD_NAME, CARD_TYPE, ANNUAL_FEE) VALUES (2006.0, '시코르 체크카드', 'CHECK', 0.0);
INSERT INTO CARD (CARD_CODE, CARD_NAME, CARD_TYPE, ANNUAL_FEE) VALUES (2007.0, 'Young Hana with OKcashbag 체크카드', 'CHECK', 0.0);
INSERT INTO CARD (CARD_CODE, CARD_NAME, CARD_TYPE, ANNUAL_FEE) VALUES (2008.0, 'K리그 축덕 Young Hana with OKcashbag 체크카드', 'CHECK', 0.0);
INSERT INTO CARD (CARD_CODE, CARD_NAME, CARD_TYPE, ANNUAL_FEE) VALUES (2009.0, '하나멤버스 1Q 체크카드', 'CHECK', 0.0);
INSERT INTO CARD (CARD_CODE, CARD_NAME, CARD_TYPE, ANNUAL_FEE) VALUES (2010.0, '하나멤버스 Mega 체크카드', 'CHECK', 0.0);
INSERT INTO CARD (CARD_CODE, CARD_NAME, CARD_TYPE, ANNUAL_FEE) VALUES (2011.0, 'CJ ONE 체크카드', 'CHECK', 0.0);
INSERT INTO CARD (CARD_CODE, CARD_NAME, CARD_TYPE, ANNUAL_FEE) VALUES (2012.0, '해피포인트 하나 체크카드', 'CHECK', 0.0);
INSERT INTO CARD (CARD_CODE, CARD_NAME, CARD_TYPE, ANNUAL_FEE) VALUES (2013.0, '윙고 장학재단 체크카드', 'CHECK', 0.0);
INSERT INTO CARD (CARD_CODE, CARD_NAME, CARD_TYPE, ANNUAL_FEE) VALUES (2014.0, '포켓몬을 사랑하는 고객용 하나멤버스 1Q 체크카드', 'CHECK', 0.0);
INSERT INTO CARD (CARD_CODE, CARD_NAME, CARD_TYPE, ANNUAL_FEE) VALUES (2015.0, '청년취업카드 하나멤버스 Mega BC 체크카드', 'CHECK', 0.0);
INSERT INTO CARD (CARD_CODE, CARD_NAME, CARD_TYPE, ANNUAL_FEE) VALUES (2016.0, 'MULTI Any 체크카드', 'CHECK', 0.0);
INSERT INTO CARD (CARD_CODE, CARD_NAME, CARD_TYPE, ANNUAL_FEE) VALUES (2017.0, 'Young Hana+ 체크카드', 'CHECK', 0.0);
INSERT INTO CARD (CARD_CODE, CARD_NAME, CARD_TYPE, ANNUAL_FEE) VALUES (2018.0, '리틀프렌즈 체크카드', 'CHECK', 0.0);
INSERT INTO CARD (CARD_CODE, CARD_NAME, CARD_TYPE, ANNUAL_FEE) VALUES (2019.0, '카카오페이 체크카드', 'CHECK', 0.0);
INSERT INTO CARD (CARD_CODE, CARD_NAME, CARD_TYPE, ANNUAL_FEE) VALUES (2020.0, '넥슨 메이플스토리 하나BC 체크카드', 'CHECK', 0.0);
INSERT INTO CARD (CARD_CODE, CARD_NAME, CARD_TYPE, ANNUAL_FEE) VALUES (2021.0, '국민행복 체크카드', 'CHECK', 0.0);
INSERT INTO CARD (CARD_CODE, CARD_NAME, CARD_TYPE, ANNUAL_FEE) VALUES (2022.0, 'The-K Auto 체크카드', 'CHECK', 0.0);
INSERT INTO CARD (CARD_CODE, CARD_NAME, CARD_TYPE, ANNUAL_FEE) VALUES (2023.0, '넥슨 던전앤파이터 체크카드', 'CHECK', 0.0);


-----------------------------------
--3. 혜택카테고리 (BENEFITS_CATEGORY)
SELECT * FROM CARD_BENEFITS_CATEGORY;
INSERT INTO CARD_BENEFITS_CATEGORY (CATEGORY, CATEGORY_KOR) VALUES ('EDUCATION', '교육');
INSERT INTO CARD_BENEFITS_CATEGORY (CATEGORY, CATEGORY_KOR) VALUES ('AUTOMOBILES', '오토');
INSERT INTO CARD_BENEFITS_CATEGORY (CATEGORY, CATEGORY_KOR) VALUES ('SHOPPING', '쇼핑');
INSERT INTO CARD_BENEFITS_CATEGORY (CATEGORY, CATEGORY_KOR) VALUES ('LEISURE', '레저');
INSERT INTO CARD_BENEFITS_CATEGORY (CATEGORY, CATEGORY_KOR) VALUES ('PRIORITY_PASS', 'PRIORITY_PASS');
INSERT INTO CARD_BENEFITS_CATEGORY (CATEGORY, CATEGORY_KOR) VALUES ('FINANCE', '금융');
INSERT INTO CARD_BENEFITS_CATEGORY (CATEGORY, CATEGORY_KOR) VALUES ('AIR_MILEAGE', '항공마일리지');
INSERT INTO CARD_BENEFITS_CATEGORY (CATEGORY, CATEGORY_KOR) VALUES ('BEAUTY', '뷰티');
INSERT INTO CARD_BENEFITS_CATEGORY (CATEGORY, CATEGORY_KOR) VALUES ('COMMUNICATION', '통신');
INSERT INTO CARD_BENEFITS_CATEGORY (CATEGORY, CATEGORY_KOR) VALUES ('EAT_OUT', '외식');
INSERT INTO CARD_BENEFITS_CATEGORY (CATEGORY, CATEGORY_KOR) VALUES ('NATIONAL_VOUCHER', '국민행복카드');
INSERT INTO CARD_BENEFITS_CATEGORY (CATEGORY, CATEGORY_KOR) VALUES ('CULTURE', '문화');
INSERT INTO CARD_BENEFITS_CATEGORY (CATEGORY, CATEGORY_KOR) VALUES ('CAFE_BAKERY', '카페/베이커리');
INSERT INTO CARD_BENEFITS_CATEGORY (CATEGORY, CATEGORY_KOR) VALUES ('MEDICAL', '의료');
INSERT INTO CARD_BENEFITS_CATEGORY (CATEGORY, CATEGORY_KOR) VALUES ('PREMIUM', '프리미엄');
INSERT INTO CARD_BENEFITS_CATEGORY (CATEGORY, CATEGORY_KOR) VALUES ('ANNUAL_FEE_SUPPORT', '연회비지원');
INSERT INTO CARD_BENEFITS_CATEGORY (CATEGORY, CATEGORY_KOR) VALUES ('VOUCHER', '바우처');
INSERT INTO CARD_BENEFITS_CATEGORY (CATEGORY, CATEGORY_KOR) VALUES ('ALWAYS_DISCOUNT', '언제나할인');
INSERT INTO CARD_BENEFITS_CATEGORY (CATEGORY, CATEGORY_KOR) VALUES ('PUBLIC_TRANSPORTATION', '대중교통');
INSERT INTO CARD_BENEFITS_CATEGORY (CATEGORY, CATEGORY_KOR) VALUES ('MOVIE', '영화');
INSERT INTO CARD_BENEFITS_CATEGORY (CATEGORY, CATEGORY_KOR) VALUES ('POINT_CASHBACK', '포인트/캐시백');
INSERT INTO CARD_BENEFITS_CATEGORY (CATEGORY, CATEGORY_KOR) VALUES ('EASY_PAY', '간편결제');
INSERT INTO CARD_BENEFITS_CATEGORY (CATEGORY, CATEGORY_KOR) VALUES ('HYPERMART', '대형마트');
INSERT INTO CARD_BENEFITS_CATEGORY (CATEGORY, CATEGORY_KOR) VALUES ('RENTAL', '렌탈');
INSERT INTO CARD_BENEFITS_CATEGORY (CATEGORY, CATEGORY_KOR) VALUES ('OIL', '주유');
INSERT INTO CARD_BENEFITS_CATEGORY (CATEGORY, CATEGORY_KOR) VALUES ('MAINTENANCE', '관리비');
INSERT INTO CARD_BENEFITS_CATEGORY (CATEGORY, CATEGORY_KOR) VALUES ('CVS', '편의점');



-----------------------------------
--4. 카드 혜택 (CARD_BENEFTIS)
SELECT * FROM CARD_BENEFITS;

Insert into CARD_BENEFITS (CARD_NAME, MOVIE, SHOPPING, COMMUNICATION, EDUCATION, HYPERMART, MAINTENANCE, AUTOMOBILES, MEDICAL, CULTURE, FINANCE, AIR_MILEAGE, CAFE_BAKERY, ALWAYS_DISCOUNT, VOUCHER, PRIORITY_PASS, PREMIUM, OIL, PUBLIC_TRANSPORTATION, ANNUAL_FEE_SUPPORT, EAT_OUT, LEISURE, POINT_CASHBACK, EASY_PAY, BEAUTY, NATIONAL_VOUCHER, CVS, RENTAL) values ('MULTI ON', 0, 0.02, 0, 0, 0, 0, 0, 0, 0.04, 0, 0, 0, 0.07, 0, 0, 0, 0, 0, 0, 0.03, 0, 0, 0.01, 0, 0, 0, 0);
Insert into CARD_BENEFITS (CARD_NAME, MOVIE, SHOPPING, COMMUNICATION, EDUCATION, HYPERMART, MAINTENANCE, AUTOMOBILES, MEDICAL, CULTURE, FINANCE, AIR_MILEAGE, CAFE_BAKERY, ALWAYS_DISCOUNT, VOUCHER, PRIORITY_PASS, PREMIUM, OIL, PUBLIC_TRANSPORTATION, ANNUAL_FEE_SUPPORT, EAT_OUT, LEISURE, POINT_CASHBACK, EASY_PAY, BEAUTY, NATIONAL_VOUCHER, CVS, RENTAL) values ('MULTI Any', 0, 0.02, 0, 0, 0.02, 0, 0, 0, 0, 0, 0, 0, 0.07, 0, 0, 0, 0, 0.04, 0, 0.03, 0, 0, 0.01, 0, 0, 0, 0);
Insert into CARD_BENEFITS (CARD_NAME, MOVIE, SHOPPING, COMMUNICATION, EDUCATION, HYPERMART, MAINTENANCE, AUTOMOBILES, MEDICAL, CULTURE, FINANCE, AIR_MILEAGE, CAFE_BAKERY, ALWAYS_DISCOUNT, VOUCHER, PRIORITY_PASS, PREMIUM, OIL, PUBLIC_TRANSPORTATION, ANNUAL_FEE_SUPPORT, EAT_OUT, LEISURE, POINT_CASHBACK, EASY_PAY, BEAUTY, NATIONAL_VOUCHER, CVS, RENTAL) values ('MULTI Oil', 0, 0, 0, 0, 0, 0, 0, 0, 0, 0, 0, 0, 0, 0, 0, 0, 0.1, 0, 0, 0, 0, 0, 0.01, 0, 0, 0, 0);
Insert into CARD_BENEFITS (CARD_NAME, MOVIE, SHOPPING, COMMUNICATION, EDUCATION, HYPERMART, MAINTENANCE, AUTOMOBILES, MEDICAL, CULTURE, FINANCE, AIR_MILEAGE, CAFE_BAKERY, ALWAYS_DISCOUNT, VOUCHER, PRIORITY_PASS, PREMIUM, OIL, PUBLIC_TRANSPORTATION, ANNUAL_FEE_SUPPORT, EAT_OUT, LEISURE, POINT_CASHBACK, EASY_PAY, BEAUTY, NATIONAL_VOUCHER, CVS, RENTAL) values ('MULTI Young', 0, 0, 0.1, 0, 0, 0.01, 0, 0, 0.3, 0, 0, 0, 0, 0, 0, 0, 0, 0.1, 0, 0.1, 0, 0, 0.01, 0, 0, 0.1, 0);
Insert into CARD_BENEFITS (CARD_NAME, MOVIE, SHOPPING, COMMUNICATION, EDUCATION, HYPERMART, MAINTENANCE, AUTOMOBILES, MEDICAL, CULTURE, FINANCE, AIR_MILEAGE, CAFE_BAKERY, ALWAYS_DISCOUNT, VOUCHER, PRIORITY_PASS, PREMIUM, OIL, PUBLIC_TRANSPORTATION, ANNUAL_FEE_SUPPORT, EAT_OUT, LEISURE, POINT_CASHBACK, EASY_PAY, BEAUTY, NATIONAL_VOUCHER, CVS, RENTAL) values ('MULTI Living', 0, 0.1, 0.05, 0, 0.1, 0.05, 0, 0, 0, 0, 0, 0, 0, 0, 0, 0, 0.1, 0, 0, 0, 0, 0, 0.01, 0, 0, 0, 0);
Insert into CARD_BENEFITS (CARD_NAME, MOVIE, SHOPPING, COMMUNICATION, EDUCATION, HYPERMART, MAINTENANCE, AUTOMOBILES, MEDICAL, CULTURE, FINANCE, AIR_MILEAGE, CAFE_BAKERY, ALWAYS_DISCOUNT, VOUCHER, PRIORITY_PASS, PREMIUM, OIL, PUBLIC_TRANSPORTATION, ANNUAL_FEE_SUPPORT, EAT_OUT, LEISURE, POINT_CASHBACK, EASY_PAY, BEAUTY, NATIONAL_VOUCHER, CVS, RENTAL) values ('통커 카드', 0, 0.05, 0.1, 0, 0, 0, 0, 0, 0, 0, 0, 0, 0, 0, 0, 0, 0, 0, 0, 0, 0, 0, 0, 0, 0, 0, 0);
Insert into CARD_BENEFITS (CARD_NAME, MOVIE, SHOPPING, COMMUNICATION, EDUCATION, HYPERMART, MAINTENANCE, AUTOMOBILES, MEDICAL, CULTURE, FINANCE, AIR_MILEAGE, CAFE_BAKERY, ALWAYS_DISCOUNT, VOUCHER, PRIORITY_PASS, PREMIUM, OIL, PUBLIC_TRANSPORTATION, ANNUAL_FEE_SUPPORT, EAT_OUT, LEISURE, POINT_CASHBACK, EASY_PAY, BEAUTY, NATIONAL_VOUCHER, CVS, RENTAL) values ('모두의 건강', 0, 0.05, 0, 0, 0.05, 0, 0, 0.05, 0, 0, 0, 0, 0, 0, 0, 0, 0, 0, 0, 0.05, 0.05, 0, 0, 0, 0, 0, 0);
Insert into CARD_BENEFITS (CARD_NAME, MOVIE, SHOPPING, COMMUNICATION, EDUCATION, HYPERMART, MAINTENANCE, AUTOMOBILES, MEDICAL, CULTURE, FINANCE, AIR_MILEAGE, CAFE_BAKERY, ALWAYS_DISCOUNT, VOUCHER, PRIORITY_PASS, PREMIUM, OIL, PUBLIC_TRANSPORTATION, ANNUAL_FEE_SUPPORT, EAT_OUT, LEISURE, POINT_CASHBACK, EASY_PAY, BEAUTY, NATIONAL_VOUCHER, CVS, RENTAL) values ('모두의 쇼핑', 0, 0.1, 0, 0, 0.05, 0, 0, 0, 0, 0, 0, 0, 0, 0, 0, 0, 0, 0, 0, 0, 0, 0, 0, 0, 0, 0, 0);
Insert into CARD_BENEFITS (CARD_NAME, MOVIE, SHOPPING, COMMUNICATION, EDUCATION, HYPERMART, MAINTENANCE, AUTOMOBILES, MEDICAL, CULTURE, FINANCE, AIR_MILEAGE, CAFE_BAKERY, ALWAYS_DISCOUNT, VOUCHER, PRIORITY_PASS, PREMIUM, OIL, PUBLIC_TRANSPORTATION, ANNUAL_FEE_SUPPORT, EAT_OUT, LEISURE, POINT_CASHBACK, EASY_PAY, BEAUTY, NATIONAL_VOUCHER, CVS, RENTAL) values ('CLUB SK (클럽SK)', 0.3, 0, 0.1, 0.1, 0.1, 0, 0, 0, 0, 0, 0, 0, 0, 0, 0, 0, 0.1, 0.07, 0, 0.1, 0, 0, 0, 0, 0, 0, 0);
Insert into CARD_BENEFITS (CARD_NAME, MOVIE, SHOPPING, COMMUNICATION, EDUCATION, HYPERMART, MAINTENANCE, AUTOMOBILES, MEDICAL, CULTURE, FINANCE, AIR_MILEAGE, CAFE_BAKERY, ALWAYS_DISCOUNT, VOUCHER, PRIORITY_PASS, PREMIUM, OIL, PUBLIC_TRANSPORTATION, ANNUAL_FEE_SUPPORT, EAT_OUT, LEISURE, POINT_CASHBACK, EASY_PAY, BEAUTY, NATIONAL_VOUCHER, CVS, RENTAL) values ('CLUB Primus Skypass', 0, 0, 0, 0, 0, 0, 0, 0, 0, 0, 0.1, 0, 0, 0, 0, 0, 0, 0.1, 0, 0, 0, 0, 0, 0, 0, 0, 0);
Insert into CARD_BENEFITS (CARD_NAME, MOVIE, SHOPPING, COMMUNICATION, EDUCATION, HYPERMART, MAINTENANCE, AUTOMOBILES, MEDICAL, CULTURE, FINANCE, AIR_MILEAGE, CAFE_BAKERY, ALWAYS_DISCOUNT, VOUCHER, PRIORITY_PASS, PREMIUM, OIL, PUBLIC_TRANSPORTATION, ANNUAL_FEE_SUPPORT, EAT_OUT, LEISURE, POINT_CASHBACK, EASY_PAY, BEAUTY, NATIONAL_VOUCHER, CVS, RENTAL) values ('Mile 1.6 대한항공', 0.4, 0, 0, 0, 0, 0, 0, 0, 0, 0, 0.144, 0, 0, 0, 0, 0, 0, 0, 0, 0, 0, 0, 0, 0, 0, 0, 0);
Insert into CARD_BENEFITS (CARD_NAME, MOVIE, SHOPPING, COMMUNICATION, EDUCATION, HYPERMART, MAINTENANCE, AUTOMOBILES, MEDICAL, CULTURE, FINANCE, AIR_MILEAGE, CAFE_BAKERY, ALWAYS_DISCOUNT, VOUCHER, PRIORITY_PASS, PREMIUM, OIL, PUBLIC_TRANSPORTATION, ANNUAL_FEE_SUPPORT, EAT_OUT, LEISURE, POINT_CASHBACK, EASY_PAY, BEAUTY, NATIONAL_VOUCHER, CVS, RENTAL) values ('Mile 1.6 아시아나', 0.4, 0, 0, 0, 0, 0, 0, 0, 0, 0, 0.02, 0, 0, 0, 0, 0, 0, 0, 0, 0, 0, 0, 0, 0, 0, 0, 0);
Insert into CARD_BENEFITS (CARD_NAME, MOVIE, SHOPPING, COMMUNICATION, EDUCATION, HYPERMART, MAINTENANCE, AUTOMOBILES, MEDICAL, CULTURE, FINANCE, AIR_MILEAGE, CAFE_BAKERY, ALWAYS_DISCOUNT, VOUCHER, PRIORITY_PASS, PREMIUM, OIL, PUBLIC_TRANSPORTATION, ANNUAL_FEE_SUPPORT, EAT_OUT, LEISURE, POINT_CASHBACK, EASY_PAY, BEAUTY, NATIONAL_VOUCHER, CVS, RENTAL) values ('my pass 마패 카드', 0, 0, 0, 0, 0, 0, 0, 0, 0, 0, 0, 0, 0, 0, 0, 0, 0, 0.02, 0, 0, 0, 0, 0, 0, 0, 0.1, 0);
Insert into CARD_BENEFITS (CARD_NAME, MOVIE, SHOPPING, COMMUNICATION, EDUCATION, HYPERMART, MAINTENANCE, AUTOMOBILES, MEDICAL, CULTURE, FINANCE, AIR_MILEAGE, CAFE_BAKERY, ALWAYS_DISCOUNT, VOUCHER, PRIORITY_PASS, PREMIUM, OIL, PUBLIC_TRANSPORTATION, ANNUAL_FEE_SUPPORT, EAT_OUT, LEISURE, POINT_CASHBACK, EASY_PAY, BEAUTY, NATIONAL_VOUCHER, CVS, RENTAL) values ('CLUB Signature SKYPASS', 0, 0, 0, 0, 0, 0, 0, 0, 0, 0, 0.02, 0, 0, 0, 0, 0, 0, 0, 0, 0, 0, 0, 0, 0, 0, 0, 0);
Insert into CARD_BENEFITS (CARD_NAME, MOVIE, SHOPPING, COMMUNICATION, EDUCATION, HYPERMART, MAINTENANCE, AUTOMOBILES, MEDICAL, CULTURE, FINANCE, AIR_MILEAGE, CAFE_BAKERY, ALWAYS_DISCOUNT, VOUCHER, PRIORITY_PASS, PREMIUM, OIL, PUBLIC_TRANSPORTATION, ANNUAL_FEE_SUPPORT, EAT_OUT, LEISURE, POINT_CASHBACK, EASY_PAY, BEAUTY, NATIONAL_VOUCHER, CVS, RENTAL) values ('My Trip SKYPASS 카드', 0, 0, 0, 0, 0, 0, 0, 0, 0, 0, 0, 0, 0, 0, 0, 0, 0, 0, 0, 0, 0.05, 0, 0, 0, 0, 0, 0);
Insert into CARD_BENEFITS (CARD_NAME, MOVIE, SHOPPING, COMMUNICATION, EDUCATION, HYPERMART, MAINTENANCE, AUTOMOBILES, MEDICAL, CULTURE, FINANCE, AIR_MILEAGE, CAFE_BAKERY, ALWAYS_DISCOUNT, VOUCHER, PRIORITY_PASS, PREMIUM, OIL, PUBLIC_TRANSPORTATION, ANNUAL_FEE_SUPPORT, EAT_OUT, LEISURE, POINT_CASHBACK, EASY_PAY, BEAUTY, NATIONAL_VOUCHER, CVS, RENTAL) values ('My Trip AsianaClub 카드', 0, 0, 0, 0, 0, 0, 0, 0, 0, 0, 0, 0, 0, 0, 0, 0, 0, 0, 0, 0, 0.05, 0, 0, 0, 0, 0, 0);
Insert into CARD_BENEFITS (CARD_NAME, MOVIE, SHOPPING, COMMUNICATION, EDUCATION, HYPERMART, MAINTENANCE, AUTOMOBILES, MEDICAL, CULTURE, FINANCE, AIR_MILEAGE, CAFE_BAKERY, ALWAYS_DISCOUNT, VOUCHER, PRIORITY_PASS, PREMIUM, OIL, PUBLIC_TRANSPORTATION, ANNUAL_FEE_SUPPORT, EAT_OUT, LEISURE, POINT_CASHBACK, EASY_PAY, BEAUTY, NATIONAL_VOUCHER, CVS, RENTAL) values ('하나 국민행복카드', 0, 0, 0, 0, 0, 0, 0, 0.05, 0, 0, 0, 0, 0, 0, 0, 0, 0, 0, 0, 0, 0, 0, 0, 0, 0, 0, 0);
Insert into CARD_BENEFITS (CARD_NAME, MOVIE, SHOPPING, COMMUNICATION, EDUCATION, HYPERMART, MAINTENANCE, AUTOMOBILES, MEDICAL, CULTURE, FINANCE, AIR_MILEAGE, CAFE_BAKERY, ALWAYS_DISCOUNT, VOUCHER, PRIORITY_PASS, PREMIUM, OIL, PUBLIC_TRANSPORTATION, ANNUAL_FEE_SUPPORT, EAT_OUT, LEISURE, POINT_CASHBACK, EASY_PAY, BEAUTY, NATIONAL_VOUCHER, CVS, RENTAL) values ('Any PLUS (애니플러스)', 0.07, 0.007, 0.007, 0.007, 0.007, 0, 0, 0.007, 0.007, 0, 0, 0, 0.007, 0, 0, 0, 0.007, 0.007, 0, 0.007, 0.007, 0, 0, 0.007, 0, 0.1, 0);
Insert into CARD_BENEFITS (CARD_NAME, MOVIE, SHOPPING, COMMUNICATION, EDUCATION, HYPERMART, MAINTENANCE, AUTOMOBILES, MEDICAL, CULTURE, FINANCE, AIR_MILEAGE, CAFE_BAKERY, ALWAYS_DISCOUNT, VOUCHER, PRIORITY_PASS, PREMIUM, OIL, PUBLIC_TRANSPORTATION, ANNUAL_FEE_SUPPORT, EAT_OUT, LEISURE, POINT_CASHBACK, EASY_PAY, BEAUTY, NATIONAL_VOUCHER, CVS, RENTAL) values ('CLUB Signature Asiana Club', 0, 0, 0, 0, 0, 0, 0, 0, 0, 0, 0.03, 0, 0, 0, 0, 0, 0, 0, 0, 0, 0, 0, 0, 0, 0, 0, 0);
Insert into CARD_BENEFITS (CARD_NAME, MOVIE, SHOPPING, COMMUNICATION, EDUCATION, HYPERMART, MAINTENANCE, AUTOMOBILES, MEDICAL, CULTURE, FINANCE, AIR_MILEAGE, CAFE_BAKERY, ALWAYS_DISCOUNT, VOUCHER, PRIORITY_PASS, PREMIUM, OIL, PUBLIC_TRANSPORTATION, ANNUAL_FEE_SUPPORT, EAT_OUT, LEISURE, POINT_CASHBACK, EASY_PAY, BEAUTY, NATIONAL_VOUCHER, CVS, RENTAL) values ('CLUB PREMIER 카드 [Hotel]', 0, 0, 0, 0, 0, 0, 0, 0, 0, 0, 0, 0, 0, 0, 0, 0, 0.07, 0.2, 0, 0, 0, 0.015, 0, 0, 0, 0, 0);
Insert into CARD_BENEFITS (CARD_NAME, MOVIE, SHOPPING, COMMUNICATION, EDUCATION, HYPERMART, MAINTENANCE, AUTOMOBILES, MEDICAL, CULTURE, FINANCE, AIR_MILEAGE, CAFE_BAKERY, ALWAYS_DISCOUNT, VOUCHER, PRIORITY_PASS, PREMIUM, OIL, PUBLIC_TRANSPORTATION, ANNUAL_FEE_SUPPORT, EAT_OUT, LEISURE, POINT_CASHBACK, EASY_PAY, BEAUTY, NATIONAL_VOUCHER, CVS, RENTAL) values ('Smart Any (스마트애니)', 0, 0.014, 0, 0, 0, 0, 0, 0, 0, 0, 0, 0, 0.008, 0, 0, 0, 0, 0, 0, 0, 0, 0, 0, 0, 0, 0, 0);
Insert into CARD_BENEFITS (CARD_NAME, MOVIE, SHOPPING, COMMUNICATION, EDUCATION, HYPERMART, MAINTENANCE, AUTOMOBILES, MEDICAL, CULTURE, FINANCE, AIR_MILEAGE, CAFE_BAKERY, ALWAYS_DISCOUNT, VOUCHER, PRIORITY_PASS, PREMIUM, OIL, PUBLIC_TRANSPORTATION, ANNUAL_FEE_SUPPORT, EAT_OUT, LEISURE, POINT_CASHBACK, EASY_PAY, BEAUTY, NATIONAL_VOUCHER, CVS, RENTAL) values ('CLUB PREMIER 카드 [Travel]', 0, 0, 0, 0, 0, 0, 0, 0, 0, 0, 0, 0, 0, 0, 0, 0, 0, 0.2, 0, 0, 0, 0.015, 0, 0, 0, 0, 0);
Insert into CARD_BENEFITS (CARD_NAME, MOVIE, SHOPPING, COMMUNICATION, EDUCATION, HYPERMART, MAINTENANCE, AUTOMOBILES, MEDICAL, CULTURE, FINANCE, AIR_MILEAGE, CAFE_BAKERY, ALWAYS_DISCOUNT, VOUCHER, PRIORITY_PASS, PREMIUM, OIL, PUBLIC_TRANSPORTATION, ANNUAL_FEE_SUPPORT, EAT_OUT, LEISURE, POINT_CASHBACK, EASY_PAY, BEAUTY, NATIONAL_VOUCHER, CVS, RENTAL) values ('모두의 신세계 하나카드', 0, 0.05, 0, 0, 0, 0, 0, 0, 0, 0, 0, 0, 0, 0, 0, 0, 0, 0.2, 0, 0, 0.3, 0, 0.05, 0, 0, 0, 0);
Insert into CARD_BENEFITS (CARD_NAME, MOVIE, SHOPPING, COMMUNICATION, EDUCATION, HYPERMART, MAINTENANCE, AUTOMOBILES, MEDICAL, CULTURE, FINANCE, AIR_MILEAGE, CAFE_BAKERY, ALWAYS_DISCOUNT, VOUCHER, PRIORITY_PASS, PREMIUM, OIL, PUBLIC_TRANSPORTATION, ANNUAL_FEE_SUPPORT, EAT_OUT, LEISURE, POINT_CASHBACK, EASY_PAY, BEAUTY, NATIONAL_VOUCHER, CVS, RENTAL) values ('하나 BC 그린카드 [전국형]', 0, 0, 0, 0, 0, 0, 0, 0, 0, 0, 0, 0, 0.005, 0, 0, 0, 0, 0.01, 0, 0, 0, 0, 0, 0, 0, 0, 0);
Insert into CARD_BENEFITS (CARD_NAME, MOVIE, SHOPPING, COMMUNICATION, EDUCATION, HYPERMART, MAINTENANCE, AUTOMOBILES, MEDICAL, CULTURE, FINANCE, AIR_MILEAGE, CAFE_BAKERY, ALWAYS_DISCOUNT, VOUCHER, PRIORITY_PASS, PREMIUM, OIL, PUBLIC_TRANSPORTATION, ANNUAL_FEE_SUPPORT, EAT_OUT, LEISURE, POINT_CASHBACK, EASY_PAY, BEAUTY, NATIONAL_VOUCHER, CVS, RENTAL) values ('1Q Daily+ (원큐 데일리플러스)', 0, 0.05, 0.05, 0, 0, 0.05, 0, 0, 0, 0, 0, 0, 0.01, 0, 0, 0, 0.03, 0.05, 0, 0, 0, 0, 0, 0, 0, 0, 0);
Insert into CARD_BENEFITS (CARD_NAME, MOVIE, SHOPPING, COMMUNICATION, EDUCATION, HYPERMART, MAINTENANCE, AUTOMOBILES, MEDICAL, CULTURE, FINANCE, AIR_MILEAGE, CAFE_BAKERY, ALWAYS_DISCOUNT, VOUCHER, PRIORITY_PASS, PREMIUM, OIL, PUBLIC_TRANSPORTATION, ANNUAL_FEE_SUPPORT, EAT_OUT, LEISURE, POINT_CASHBACK, EASY_PAY, BEAUTY, NATIONAL_VOUCHER, CVS, RENTAL) values ('1Q Shopping+ (원큐 쇼핑플러스)', 0, 0.04, 0.1, 0, 0.04, 0, 0, 0, 0, 0, 0, 0, 0.1, 0, 0, 0, 0.006, 0.1, 0, 0, 0, 0, 0, 0, 0, 0, 0);
Insert into CARD_BENEFITS (CARD_NAME, MOVIE, SHOPPING, COMMUNICATION, EDUCATION, HYPERMART, MAINTENANCE, AUTOMOBILES, MEDICAL, CULTURE, FINANCE, AIR_MILEAGE, CAFE_BAKERY, ALWAYS_DISCOUNT, VOUCHER, PRIORITY_PASS, PREMIUM, OIL, PUBLIC_TRANSPORTATION, ANNUAL_FEE_SUPPORT, EAT_OUT, LEISURE, POINT_CASHBACK, EASY_PAY, BEAUTY, NATIONAL_VOUCHER, CVS, RENTAL) values ('1Q Special+ (원큐 스페셜플러스)', 0, 0.1, 0.1, 0, 0.4, 0.1, 0, 0, 0, 0, 0, 0, 0, 0, 0, 0, 0.05, 0.1, 0, 0.05, 0, 0, 0, 0, 0, 0, 0);
Insert into CARD_BENEFITS (CARD_NAME, MOVIE, SHOPPING, COMMUNICATION, EDUCATION, HYPERMART, MAINTENANCE, AUTOMOBILES, MEDICAL, CULTURE, FINANCE, AIR_MILEAGE, CAFE_BAKERY, ALWAYS_DISCOUNT, VOUCHER, PRIORITY_PASS, PREMIUM, OIL, PUBLIC_TRANSPORTATION, ANNUAL_FEE_SUPPORT, EAT_OUT, LEISURE, POINT_CASHBACK, EASY_PAY, BEAUTY, NATIONAL_VOUCHER, CVS, RENTAL) values ('1Q Global VIVA (원큐 글로벌 비바)', 0.5, 0, 0.1, 0, 0, 0.1, 0, 0, 0, 0, 0, 0, 0, 0, 0, 0, 0, 0.1, 0, 0, 0, 0, 0, 0, 0, 0, 0);
Insert into CARD_BENEFITS (CARD_NAME, MOVIE, SHOPPING, COMMUNICATION, EDUCATION, HYPERMART, MAINTENANCE, AUTOMOBILES, MEDICAL, CULTURE, FINANCE, AIR_MILEAGE, CAFE_BAKERY, ALWAYS_DISCOUNT, VOUCHER, PRIORITY_PASS, PREMIUM, OIL, PUBLIC_TRANSPORTATION, ANNUAL_FEE_SUPPORT, EAT_OUT, LEISURE, POINT_CASHBACK, EASY_PAY, BEAUTY, NATIONAL_VOUCHER, CVS, RENTAL) values ('#tag1카드 Navy (태그원카드 네이비)', 0.4, 0.1, 0.1, 0.1, 0.05, 0.1, 0, 0, 0, 0, 0, 0, 0, 0, 0, 0, 0.04, 0, 0, 0.01, 0.5, 0, 0, 0, 0, 0, 0);
Insert into CARD_BENEFITS (CARD_NAME, MOVIE, SHOPPING, COMMUNICATION, EDUCATION, HYPERMART, MAINTENANCE, AUTOMOBILES, MEDICAL, CULTURE, FINANCE, AIR_MILEAGE, CAFE_BAKERY, ALWAYS_DISCOUNT, VOUCHER, PRIORITY_PASS, PREMIUM, OIL, PUBLIC_TRANSPORTATION, ANNUAL_FEE_SUPPORT, EAT_OUT, LEISURE, POINT_CASHBACK, EASY_PAY, BEAUTY, NATIONAL_VOUCHER, CVS, RENTAL) values ('#tag1카드 Orange (태그원카드 오렌지)', 0.4, 0.1, 0.1, 0, 0, 0, 0, 0, 0, 0, 0, 0, 0, 0, 0, 0, 0.04, 0.07, 0, 0.1, 0.5, 0, 0, 0, 0, 0.1, 0);
Insert into CARD_BENEFITS (CARD_NAME, MOVIE, SHOPPING, COMMUNICATION, EDUCATION, HYPERMART, MAINTENANCE, AUTOMOBILES, MEDICAL, CULTURE, FINANCE, AIR_MILEAGE, CAFE_BAKERY, ALWAYS_DISCOUNT, VOUCHER, PRIORITY_PASS, PREMIUM, OIL, PUBLIC_TRANSPORTATION, ANNUAL_FEE_SUPPORT, EAT_OUT, LEISURE, POINT_CASHBACK, EASY_PAY, BEAUTY, NATIONAL_VOUCHER, CVS, RENTAL) values ('하나멤버스 1Q카드 내맘대로 생활형', 0.5, 0.05, 0.05, 0.05, 0.07, 0, 0, 0, 0.07, 0, 0, 0, 0, 0, 0, 0, 0, 0.05, 0, 0, 0, 0, 0, 0, 0, 0, 0);
Insert into CARD_BENEFITS (CARD_NAME, MOVIE, SHOPPING, COMMUNICATION, EDUCATION, HYPERMART, MAINTENANCE, AUTOMOBILES, MEDICAL, CULTURE, FINANCE, AIR_MILEAGE, CAFE_BAKERY, ALWAYS_DISCOUNT, VOUCHER, PRIORITY_PASS, PREMIUM, OIL, PUBLIC_TRANSPORTATION, ANNUAL_FEE_SUPPORT, EAT_OUT, LEISURE, POINT_CASHBACK, EASY_PAY, BEAUTY, NATIONAL_VOUCHER, CVS, RENTAL) values ('하나멤버스 1Q카드 내맘대로 여행형', 0.5, 0.05, 0.05, 0, 0, 0, 0, 0, 0, 0, 0.1, 0, 0, 0, 0, 0, 0, 0.05, 0, 0, 0, 0, 0.07, 0, 0, 0, 0);
Insert into CARD_BENEFITS (CARD_NAME, MOVIE, SHOPPING, COMMUNICATION, EDUCATION, HYPERMART, MAINTENANCE, AUTOMOBILES, MEDICAL, CULTURE, FINANCE, AIR_MILEAGE, CAFE_BAKERY, ALWAYS_DISCOUNT, VOUCHER, PRIORITY_PASS, PREMIUM, OIL, PUBLIC_TRANSPORTATION, ANNUAL_FEE_SUPPORT, EAT_OUT, LEISURE, POINT_CASHBACK, EASY_PAY, BEAUTY, NATIONAL_VOUCHER, CVS, RENTAL) values ('하나멤버스 1Q카드 내맘대로 웰빙형', 0.5, 0.05, 0.05, 0, 0.07, 0, 0, 0.05, 0, 0, 0, 0, 0, 0, 0, 0, 0, 0.05, 0, 0, 0.07, 0, 0, 0, 0, 0, 0);
Insert into CARD_BENEFITS (CARD_NAME, MOVIE, SHOPPING, COMMUNICATION, EDUCATION, HYPERMART, MAINTENANCE, AUTOMOBILES, MEDICAL, CULTURE, FINANCE, AIR_MILEAGE, CAFE_BAKERY, ALWAYS_DISCOUNT, VOUCHER, PRIORITY_PASS, PREMIUM, OIL, PUBLIC_TRANSPORTATION, ANNUAL_FEE_SUPPORT, EAT_OUT, LEISURE, POINT_CASHBACK, EASY_PAY, BEAUTY, NATIONAL_VOUCHER, CVS, RENTAL) values ('하나멤버스 1Q카드 내맘대로 직장인형', 0.5, 0.05, 0.05, 0, 0, 0, 0, 0, 0, 0, 0, 0, 0, 0, 0, 0, 0.07, 0.05, 0, 0.07, 0, 0, 0, 0, 0, 0.07, 0);
Insert into CARD_BENEFITS (CARD_NAME, MOVIE, SHOPPING, COMMUNICATION, EDUCATION, HYPERMART, MAINTENANCE, AUTOMOBILES, MEDICAL, CULTURE, FINANCE, AIR_MILEAGE, CAFE_BAKERY, ALWAYS_DISCOUNT, VOUCHER, PRIORITY_PASS, PREMIUM, OIL, PUBLIC_TRANSPORTATION, ANNUAL_FEE_SUPPORT, EAT_OUT, LEISURE, POINT_CASHBACK, EASY_PAY, BEAUTY, NATIONAL_VOUCHER, CVS, RENTAL) values ('하나멤버스 1Q카드 내맘대로 트렌디형', 0.5, 0.05, 0.05, 0, 0, 0, 0, 0, 0, 0, 0, 0, 0, 0, 0, 0, 0, 0.05, 0, 0.3, 0, 0, 0, 0, 0, 0, 0);
commit;
-----------------------------------
--5. 신용카드 공지 (CREDIT_CARD_NOTICE) (~1000)

SELECT * FROM CREDITCARD_NOTICE;
INSERT INTO CREDITCARD_NOTICE (CARD_NAME, CATEGORY, NOTICE) 
VALUES ('하나 국민행복카드', 'EDUCATION', '보육료/유아학비 할인 서비스');

INSERT INTO CREDITCARD_NOTICE (CARD_NAME, CATEGORY, NOTICE) 
VALUES ('CLUB SK (클럽SK)', 'EDUCATION', '학원 업종 최대 10% 할인');

INSERT INTO CREDITCARD_NOTICE (CARD_NAME, CATEGORY, NOTICE) 
VALUES ('CLUB SK (클럽SK)', 'EDUCATION', '마트/학원 서비스 제공 조건');

INSERT INTO CREDITCARD_NOTICE (CARD_NAME, CATEGORY, NOTICE) 
VALUES ('Any PLUS (애니플러스)', 'EDUCATION', '교육 업종 0.7% 할인');

INSERT INTO CREDITCARD_NOTICE (CARD_NAME, CATEGORY, NOTICE) 
VALUES ('#tag1카드 Navy (태그원카드 네이비)', 'EDUCATION', '학원 10% 우대 할인');

INSERT INTO CREDITCARD_NOTICE (CARD_NAME, CATEGORY, NOTICE) 
VALUES ('CLUB SK (클럽SK)', 'AUTOMOBILES', '스피드메이트 엔진오일 교환 할인');

INSERT INTO CREDITCARD_NOTICE (CARD_NAME, CATEGORY, NOTICE) 
VALUES ('CLUB SK (클럽SK)', 'AUTOMOBILES', '영화/외식/커피/차량 서비스제공조건');

INSERT INTO CREDITCARD_NOTICE (CARD_NAME, CATEGORY, NOTICE) 
VALUES ('MULTI Oil', 'AUTOMOBILES', '스피드메이트 엔진 오일 교환 할인');

INSERT INTO CREDITCARD_NOTICE (CARD_NAME, CATEGORY, NOTICE) 
VALUES ('CLUB Primus Skypass', 'AUTOMOBILES', '엔진오일교환(ZIC-A) 현장할인 ');

INSERT INTO CREDITCARD_NOTICE (CARD_NAME, CATEGORY, NOTICE) 
VALUES ('모두의 신세계 하나카드', 'SHOPPING', '백화점, 아카데미 5% 청구 할인');

INSERT INTO CREDITCARD_NOTICE (CARD_NAME, CATEGORY, NOTICE) 
VALUES ('모두의 신세계 하나카드', 'SHOPPING', '시코르닷컴 5% 청구 할인');

INSERT INTO CREDITCARD_NOTICE (CARD_NAME, CATEGORY, NOTICE) 
VALUES ('MULTI ON', 'SHOPPING', '온라인쇼핑 2% 적립');

INSERT INTO CREDITCARD_NOTICE (CARD_NAME, CATEGORY, NOTICE) 
VALUES ('MULTI ON', 'SHOPPING', '쿠팡 로켓와우 구독 4% 적립');

INSERT INTO CREDITCARD_NOTICE (CARD_NAME, CATEGORY, NOTICE) 
VALUES ('MULTI Living', 'SHOPPING', '(주중) 온라인쇼핑 10% 할인');

INSERT INTO CREDITCARD_NOTICE (CARD_NAME, CATEGORY, NOTICE) 
VALUES ('MULTI Living', 'SHOPPING', '(주말) 백화점 10% 할인');

INSERT INTO CREDITCARD_NOTICE (CARD_NAME, CATEGORY, NOTICE) 
VALUES ('CLUB SK (클럽SK)', 'SHOPPING', '신라면세점 VIP멤버십 제공');

INSERT INTO CREDITCARD_NOTICE (CARD_NAME, CATEGORY, NOTICE) 
VALUES ('MULTI Any', 'SHOPPING', '백화점 2% 하나머니 적립');

INSERT INTO CREDITCARD_NOTICE (CARD_NAME, CATEGORY, NOTICE) 
VALUES ('모두의 건강', 'SHOPPING', '온라인 5% 하나머니 적립');

INSERT INTO CREDITCARD_NOTICE (CARD_NAME, CATEGORY, NOTICE) 
VALUES ('Any PLUS (애니플러스)', 'SHOPPING', '국내 쇼핑 가맹점 0.7% 할인');

INSERT INTO CREDITCARD_NOTICE (CARD_NAME, CATEGORY, NOTICE) 
VALUES ('Any PLUS (애니플러스)', 'SHOPPING', '국내 온라인/해외 쇼핑 1.7% 할인');

INSERT INTO CREDITCARD_NOTICE (CARD_NAME, CATEGORY, NOTICE) 
VALUES ('1Q Shopping+ (원큐 쇼핑플러스)', 'SHOPPING', '백화점 월 최대 4만 하나머니 적립');

INSERT INTO CREDITCARD_NOTICE (CARD_NAME, CATEGORY, NOTICE) 
VALUES ('1Q Shopping+ (원큐 쇼핑플러스)', 'SHOPPING', '온라인쇼핑 이용 최대 1만 머니 적립');

INSERT INTO CREDITCARD_NOTICE (CARD_NAME, CATEGORY, NOTICE) 
VALUES ('통커 카드', 'SHOPPING', '온라인 쇼핑 5% 할인(월5천원)');

INSERT INTO CREDITCARD_NOTICE (CARD_NAME, CATEGORY, NOTICE) 
VALUES ('#tag1카드 Navy (태그원카드 네이비)', 'SHOPPING', '쇼핑 10% 우대 할인');

INSERT INTO CREDITCARD_NOTICE (CARD_NAME, CATEGORY, NOTICE) 
VALUES ('하나멤버스 1Q카드 내맘대로 트렌디형', 'SHOPPING', '11번가,G마켓,옥션 5%하나머니적립');

INSERT INTO CREDITCARD_NOTICE (CARD_NAME, CATEGORY, NOTICE) 
VALUES ('하나멤버스 1Q카드 내맘대로 트렌디형', 'SHOPPING', '해외/트렌디쇼핑 내맘대로 서비스');

INSERT INTO CREDITCARD_NOTICE (CARD_NAME, CATEGORY, NOTICE) 
VALUES ('하나멤버스 1Q카드 내맘대로 직장인형', 'SHOPPING', '11번가,G마켓,옥션 5%하나머니적립');

INSERT INTO CREDITCARD_NOTICE (CARD_NAME, CATEGORY, NOTICE) 
VALUES ('하나멤버스 1Q카드 내맘대로 직장인형', 'SHOPPING', '해외/트렌디쇼핑 내맘대로 서비스');

INSERT INTO CREDITCARD_NOTICE (CARD_NAME, CATEGORY, NOTICE) 
VALUES ('하나멤버스 1Q카드 내맘대로 생활형', 'SHOPPING', '11번가,G마켓,옥션 5%하나머니적립');

INSERT INTO CREDITCARD_NOTICE (CARD_NAME, CATEGORY, NOTICE) 
VALUES ('하나멤버스 1Q카드 내맘대로 생활형', 'SHOPPING', '해외/트렌디쇼핑 내맘대로 서비스');

INSERT INTO CREDITCARD_NOTICE (CARD_NAME, CATEGORY, NOTICE) 
VALUES ('하나멤버스 1Q카드 내맘대로 웰빙형', 'SHOPPING', '11번가,G마켓,옥션 5%하나머니적립');

INSERT INTO CREDITCARD_NOTICE (CARD_NAME, CATEGORY, NOTICE) 
VALUES ('하나멤버스 1Q카드 내맘대로 웰빙형', 'SHOPPING', '해외/트렌디쇼핑 내맘대로 서비스');

INSERT INTO CREDITCARD_NOTICE (CARD_NAME, CATEGORY, NOTICE) 
VALUES ('하나멤버스 1Q카드 내맘대로 여행형', 'SHOPPING', '11번가,G마켓,옥션 5%하나머니적립');

INSERT INTO CREDITCARD_NOTICE (CARD_NAME, CATEGORY, NOTICE) 
VALUES ('하나멤버스 1Q카드 내맘대로 여행형', 'SHOPPING', '해외/트렌디쇼핑 내맘대로 서비스');

INSERT INTO CREDITCARD_NOTICE (CARD_NAME, CATEGORY, NOTICE) 
VALUES ('모두의 쇼핑', 'SHOPPING', '온라인쇼핑 10% 적립');

INSERT INTO CREDITCARD_NOTICE (CARD_NAME, CATEGORY, NOTICE) 
VALUES ('모두의 쇼핑', 'SHOPPING', '아울렛 쇼핑 5% 적립');

INSERT INTO CREDITCARD_NOTICE (CARD_NAME, CATEGORY, NOTICE) 
VALUES ('1Q Special+ (원큐 스페셜플러스)', 'SHOPPING', '온라인쇼핑 월 최대 1만 머니 적립');

INSERT INTO CREDITCARD_NOTICE (CARD_NAME, CATEGORY, NOTICE) 
VALUES ('1Q Special+ (원큐 스페셜플러스)', 'SHOPPING', '지역쇼핑/주유 통합 월최대 4만 적립');

INSERT INTO CREDITCARD_NOTICE (CARD_NAME, CATEGORY, NOTICE) 
VALUES ('CLUB PREMIER 카드 [Travel]', 'SHOPPING', '국내 면세점 업종 20% 청구할인');

INSERT INTO CREDITCARD_NOTICE (CARD_NAME, CATEGORY, NOTICE) 
VALUES ('CLUB Primus Skypass', 'SHOPPING', 'H패션몰(온라인) 20% 현장할인');

INSERT INTO CREDITCARD_NOTICE (CARD_NAME, CATEGORY, NOTICE) 
VALUES ('1Q Daily+ (원큐 데일리플러스)', 'SHOPPING', '온라인쇼핑 이용시 5천 하나머니 적립');

INSERT INTO CREDITCARD_NOTICE (CARD_NAME, CATEGORY, NOTICE) 
VALUES ('Smart Any (스마트애니)', 'SHOPPING', '온라인 가맹점 최대1.4% 청구 할인');

INSERT INTO CREDITCARD_NOTICE (CARD_NAME, CATEGORY, NOTICE) 
VALUES ('#tag1카드 Orange (태그원카드 오렌지)', 'SHOPPING', '쇼핑 10% 우대 할인');

INSERT INTO CREDITCARD_NOTICE (CARD_NAME, CATEGORY, NOTICE) 
VALUES ('1Q Global VIVA (원큐 글로벌 비바)', 'SHOPPING', '저가항공/면세점 최대 2만 머니 적립');

INSERT INTO CREDITCARD_NOTICE (CARD_NAME, CATEGORY, NOTICE) 
VALUES ('1Q Global VIVA (원큐 글로벌 비바)', 'SHOPPING', '온라인쇼핑 최대 1만 머니 적립');

INSERT INTO CREDITCARD_NOTICE (CARD_NAME, CATEGORY, NOTICE) 
VALUES ('모두의 신세계 하나카드', 'LEISURE', '놀이공원, 워터파크 30% 청구 할인');

INSERT INTO CREDITCARD_NOTICE (CARD_NAME, CATEGORY, NOTICE) 
VALUES ('모두의 신세계 하나카드', 'LEISURE', '프로야구, 프로축구 30% 청구 할인');

INSERT INTO CREDITCARD_NOTICE (CARD_NAME, CATEGORY, NOTICE) 
VALUES ('모두의 건강', 'LEISURE', '골프/레저 5% 하나머니 적립');

INSERT INTO CREDITCARD_NOTICE (CARD_NAME, CATEGORY, NOTICE) 
VALUES ('Any PLUS (애니플러스)', 'LEISURE', '국내 레저 활동 0.7% 할인');

INSERT INTO CREDITCARD_NOTICE (CARD_NAME, CATEGORY, NOTICE) 
VALUES ('Any PLUS (애니플러스)', 'LEISURE', '해외 레저 활동 1.7% 할인');

INSERT INTO CREDITCARD_NOTICE (CARD_NAME, CATEGORY, NOTICE) 
VALUES ('My Trip SKYPASS 카드', 'LEISURE', '진에어 항공권 구매 시 5% 청구할인');

INSERT INTO CREDITCARD_NOTICE (CARD_NAME, CATEGORY, NOTICE) 
VALUES ('My Trip AsianaClub 카드', 'LEISURE', '에어서울/에어부산 항공권 할인');

INSERT INTO CREDITCARD_NOTICE (CARD_NAME, CATEGORY, NOTICE) 
VALUES ('#tag1카드 Navy (태그원카드 네이비)', 'LEISURE', '놀이공원 본인 50% 할인');

INSERT INTO CREDITCARD_NOTICE (CARD_NAME, CATEGORY, NOTICE) 
VALUES ('하나멤버스 1Q카드 내맘대로 트렌디형', 'LEISURE', '레저/문화 내맘대로 서비스');

INSERT INTO CREDITCARD_NOTICE (CARD_NAME, CATEGORY, NOTICE) 
VALUES ('하나멤버스 1Q카드 내맘대로 직장인형', 'LEISURE', '레저/문화 내맘대로 서비스');

INSERT INTO CREDITCARD_NOTICE (CARD_NAME, CATEGORY, NOTICE) 
VALUES ('하나멤버스 1Q카드 내맘대로 생활형', 'LEISURE', '레저/문화 내맘대로 서비스');

INSERT INTO CREDITCARD_NOTICE (CARD_NAME, CATEGORY, NOTICE) 
VALUES ('하나멤버스 1Q카드 내맘대로 웰빙형', 'LEISURE', '레저/문화 내맘대로 서비스');

INSERT INTO CREDITCARD_NOTICE (CARD_NAME, CATEGORY, NOTICE) 
VALUES ('하나멤버스 1Q카드 내맘대로 여행형', 'LEISURE', '레저/문화 내맘대로 서비스');

INSERT INTO CREDITCARD_NOTICE (CARD_NAME, CATEGORY, NOTICE) 
VALUES ('#tag1카드 Orange (태그원카드 오렌지)', 'LEISURE', '놀이공원 본인 50% 할인');

INSERT INTO CREDITCARD_NOTICE (CARD_NAME, CATEGORY, NOTICE) 
VALUES ('하나 BC 그린카드 [전국형]', 'LEISURE', '전국문화,레저시설 무료입장 또는 할인');

INSERT INTO CREDITCARD_NOTICE (CARD_NAME, CATEGORY, NOTICE) 
VALUES ('CLUB Signature SKYPASS', 'PRIORITY_PASS', '전세계 주요 라운지 무료입장!');

INSERT INTO CREDITCARD_NOTICE (CARD_NAME, CATEGORY, NOTICE) 
VALUES ('하나멤버스 1Q카드 내맘대로 트렌디형', 'PRIORITY_PASS', 'Priority Pass카드 신청가능');

INSERT INTO CREDITCARD_NOTICE (CARD_NAME, CATEGORY, NOTICE) 
VALUES ('하나멤버스 1Q카드 내맘대로 트렌디형', 'PRIORITY_PASS', '프리미엄 적립 Pack');

INSERT INTO CREDITCARD_NOTICE (CARD_NAME, CATEGORY, NOTICE) 
VALUES ('하나멤버스 1Q카드 내맘대로 직장인형', 'PRIORITY_PASS', 'Priority Pass카드 신청가능');

INSERT INTO CREDITCARD_NOTICE (CARD_NAME, CATEGORY, NOTICE) 
VALUES ('하나멤버스 1Q카드 내맘대로 직장인형', 'PRIORITY_PASS', '프리미엄 적립 Pack');

INSERT INTO CREDITCARD_NOTICE (CARD_NAME, CATEGORY, NOTICE) 
VALUES ('하나멤버스 1Q카드 내맘대로 생활형', 'PRIORITY_PASS', 'Priority Pass카드 신청가능');

INSERT INTO CREDITCARD_NOTICE (CARD_NAME, CATEGORY, NOTICE) 
VALUES ('하나멤버스 1Q카드 내맘대로 생활형', 'PRIORITY_PASS', '프리미엄 적립 Pack');

INSERT INTO CREDITCARD_NOTICE (CARD_NAME, CATEGORY, NOTICE) 
VALUES ('하나멤버스 1Q카드 내맘대로 웰빙형', 'PRIORITY_PASS', 'Priority Pass카드 신청가능');

INSERT INTO CREDITCARD_NOTICE (CARD_NAME, CATEGORY, NOTICE) 
VALUES ('하나멤버스 1Q카드 내맘대로 웰빙형', 'PRIORITY_PASS', '프리미엄 적립 Pack');

INSERT INTO CREDITCARD_NOTICE (CARD_NAME, CATEGORY, NOTICE) 
VALUES ('하나멤버스 1Q카드 내맘대로 여행형', 'PRIORITY_PASS', 'Priority Pass카드 신청가능');

INSERT INTO CREDITCARD_NOTICE (CARD_NAME, CATEGORY, NOTICE) 
VALUES ('하나멤버스 1Q카드 내맘대로 여행형', 'PRIORITY_PASS', '프리미엄 적립 Pack');

INSERT INTO CREDITCARD_NOTICE (CARD_NAME, CATEGORY, NOTICE) 
VALUES ('CLUB Signature Asiana Club', 'PRIORITY_PASS', '전세계 주요 라운지 무료입장!');

INSERT INTO CREDITCARD_NOTICE (CARD_NAME, CATEGORY, NOTICE) 
VALUES ('CLUB SK (클럽SK)', 'FINANCE', '하나은행 자동화기기 수수료 10회면제');

INSERT INTO CREDITCARD_NOTICE (CARD_NAME, CATEGORY, NOTICE) 
VALUES ('Mile 1.6 대한항공', 'AIR_MILEAGE', '1,500원당 최대 1.8 마일 적립');

INSERT INTO CREDITCARD_NOTICE (CARD_NAME, CATEGORY, NOTICE) 
VALUES ('Mile 1.6 대한항공', 'AIR_MILEAGE', 'HANA Mile 사용');

INSERT INTO CREDITCARD_NOTICE (CARD_NAME, CATEGORY, NOTICE) 
VALUES ('Mile 1.6 대한항공', 'AIR_MILEAGE', 'HANA Mile 결제 대금 차감');

INSERT INTO CREDITCARD_NOTICE (CARD_NAME, CATEGORY, NOTICE) 
VALUES ('My Trip SKYPASS 카드', 'AIR_MILEAGE', '대한항공 마일리지 적립한도 없이 적립');

INSERT INTO CREDITCARD_NOTICE (CARD_NAME, CATEGORY, NOTICE) 
VALUES ('My Trip AsianaClub 카드', 'AIR_MILEAGE', '아시아나항공마일리지 적립한도없이 적립');

INSERT INTO CREDITCARD_NOTICE (CARD_NAME, CATEGORY, NOTICE) 
VALUES ('CLUB Signature SKYPASS', 'AIR_MILEAGE', '1,500원당 최대 2.0마일 적립');

INSERT INTO CREDITCARD_NOTICE (CARD_NAME, CATEGORY, NOTICE) 
VALUES ('CLUB Primus Skypass', 'AIR_MILEAGE', '항공 마일리지 적립');

INSERT INTO CREDITCARD_NOTICE (CARD_NAME, CATEGORY, NOTICE) 
VALUES ('CLUB Primus Skypass', 'AIR_MILEAGE', 'SK 주유소 리터당 3마일 적립');

INSERT INTO CREDITCARD_NOTICE (CARD_NAME, CATEGORY, NOTICE) 
VALUES ('CLUB Signature Asiana Club', 'AIR_MILEAGE', '1,000원당 최대 2.0마일 적립');

INSERT INTO CREDITCARD_NOTICE (CARD_NAME, CATEGORY, NOTICE) 
VALUES ('Mile 1.6 아시아나', 'AIR_MILEAGE', '1,500원당 최대 1.8 마일 적립');

INSERT INTO CREDITCARD_NOTICE (CARD_NAME, CATEGORY, NOTICE) 
VALUES ('Mile 1.6 아시아나', 'AIR_MILEAGE', 'HANA Mile 사용');

INSERT INTO CREDITCARD_NOTICE (CARD_NAME, CATEGORY, NOTICE) 
VALUES ('Mile 1.6 아시아나', 'AIR_MILEAGE', 'HANA Mile 결제 대금 차감');

INSERT INTO CREDITCARD_NOTICE (CARD_NAME, CATEGORY, NOTICE) 
VALUES ('Any PLUS (애니플러스)', 'BEAUTY', '국내 헤어/뷰티샵 0.7% 할인');

INSERT INTO CREDITCARD_NOTICE (CARD_NAME, CATEGORY, NOTICE) 
VALUES ('Any PLUS (애니플러스)', 'BEAUTY', '해외 헤어/뷰티샵 1.7% 할인');

INSERT INTO CREDITCARD_NOTICE (CARD_NAME, CATEGORY, NOTICE) 
VALUES ('MULTI Living', 'COMMUNICATION', '(매일) 통신요금 자동이체 5% 할인');

INSERT INTO CREDITCARD_NOTICE (CARD_NAME, CATEGORY, NOTICE) 
VALUES ('MULTI Young', 'COMMUNICATION', '통신요금 자동이체 10% 청구 할인');

INSERT INTO CREDITCARD_NOTICE (CARD_NAME, CATEGORY, NOTICE) 
VALUES ('CLUB SK (클럽SK)', 'COMMUNICATION', 'SKT 통신비 최대 1만5천원 할인');

INSERT INTO CREDITCARD_NOTICE (CARD_NAME, CATEGORY, NOTICE) 
VALUES ('CLUB SK (클럽SK)', 'COMMUNICATION', 'T membership 서비스 제공');

INSERT INTO CREDITCARD_NOTICE (CARD_NAME, CATEGORY, NOTICE) 
VALUES ('CLUB SK (클럽SK)', 'COMMUNICATION', '이동통신 요금 할인 유의 사항 ');

INSERT INTO CREDITCARD_NOTICE (CARD_NAME, CATEGORY, NOTICE) 
VALUES ('CLUB SK (클럽SK)', 'COMMUNICATION', '통신 서비스 제공 조건');

INSERT INTO CREDITCARD_NOTICE (CARD_NAME, CATEGORY, NOTICE) 
VALUES ('Any PLUS (애니플러스)', 'COMMUNICATION', '통신요금 0.7% 할인');

INSERT INTO CREDITCARD_NOTICE (CARD_NAME, CATEGORY, NOTICE) 
VALUES ('1Q Shopping+ (원큐 쇼핑플러스)', 'COMMUNICATION', '통신비 자동이체시 최대 1만 머니적립');

INSERT INTO CREDITCARD_NOTICE (CARD_NAME, CATEGORY, NOTICE) 
VALUES ('통커 카드', 'COMMUNICATION', '통신 자동이체 10% 할인(월1만원)');

INSERT INTO CREDITCARD_NOTICE (CARD_NAME, CATEGORY, NOTICE) 
VALUES ('#tag1카드 Navy (태그원카드 네이비)', 'COMMUNICATION', '통신요금 10% 우대 할인');

INSERT INTO CREDITCARD_NOTICE (CARD_NAME, CATEGORY, NOTICE) 
VALUES ('하나멤버스 1Q카드 내맘대로 트렌디형', 'COMMUNICATION', 'SKT/B,KT,LGU+ 5% 적립');

INSERT INTO CREDITCARD_NOTICE (CARD_NAME, CATEGORY, NOTICE) 
VALUES ('하나멤버스 1Q카드 내맘대로 직장인형', 'COMMUNICATION', 'SKT/B,KT,LGU+ 5% 적립');

INSERT INTO CREDITCARD_NOTICE (CARD_NAME, CATEGORY, NOTICE) 
VALUES ('하나멤버스 1Q카드 내맘대로 생활형', 'COMMUNICATION', 'SKT/B,KT,LGU+ 5% 적립');

INSERT INTO CREDITCARD_NOTICE (CARD_NAME, CATEGORY, NOTICE) 
VALUES ('하나멤버스 1Q카드 내맘대로 웰빙형', 'COMMUNICATION', 'SKT/B,KT,LGU+ 5% 적립');

INSERT INTO CREDITCARD_NOTICE (CARD_NAME, CATEGORY, NOTICE) 
VALUES ('하나멤버스 1Q카드 내맘대로 여행형', 'COMMUNICATION', 'SKT/B,KT,LGU+ 5% 적립');

INSERT INTO CREDITCARD_NOTICE (CARD_NAME, CATEGORY, NOTICE) 
VALUES ('1Q Special+ (원큐 스페셜플러스)', 'COMMUNICATION', '통신/교통/자동이체 최대 1만 적립');

INSERT INTO CREDITCARD_NOTICE (CARD_NAME, CATEGORY, NOTICE) 
VALUES ('1Q Daily+ (원큐 데일리플러스)', 'COMMUNICATION', '통신비 자동이체시 5천 하나머니 적립');

INSERT INTO CREDITCARD_NOTICE (CARD_NAME, CATEGORY, NOTICE) 
VALUES ('#tag1카드 Orange (태그원카드 오렌지)', 'COMMUNICATION', '통신요금 10% 우대 할인');

INSERT INTO CREDITCARD_NOTICE (CARD_NAME, CATEGORY, NOTICE) 
VALUES ('1Q Global VIVA (원큐 글로벌 비바)', 'COMMUNICATION', '통신요금 최대 1만 머니 적립');

INSERT INTO CREDITCARD_NOTICE (CARD_NAME, CATEGORY, NOTICE) 
VALUES ('MULTI ON', 'EAT_OUT', '딜리버리 3% 적립');

INSERT INTO CREDITCARD_NOTICE (CARD_NAME, CATEGORY, NOTICE) 
VALUES ('MULTI Young', 'EAT_OUT', '딜리버리 10% 청구 할인');

INSERT INTO CREDITCARD_NOTICE (CARD_NAME, CATEGORY, NOTICE) 
VALUES ('CLUB SK (클럽SK)', 'EAT_OUT', '아웃백,TGIF 최대 10%할인');

INSERT INTO CREDITCARD_NOTICE (CARD_NAME, CATEGORY, NOTICE) 
VALUES ('CLUB SK (클럽SK)', 'EAT_OUT', '영화/외식/커피/차량 서비스제공조건');

INSERT INTO CREDITCARD_NOTICE (CARD_NAME, CATEGORY, NOTICE) 
VALUES ('MULTI Any', 'EAT_OUT', '배달의민족,요기요 3% 하나머니 적립');

INSERT INTO CREDITCARD_NOTICE (CARD_NAME, CATEGORY, NOTICE) 
VALUES ('모두의 건강', 'EAT_OUT', '저녁식사 5% 하나머니 적립');

INSERT INTO CREDITCARD_NOTICE (CARD_NAME, CATEGORY, NOTICE) 
VALUES ('Any PLUS (애니플러스)', 'EAT_OUT', '전국 모든 음식점 0.7% 할인');

INSERT INTO CREDITCARD_NOTICE (CARD_NAME, CATEGORY, NOTICE) 
VALUES ('Any PLUS (애니플러스)', 'EAT_OUT', '해외 모든 음식점 1.7% 할인');

INSERT INTO CREDITCARD_NOTICE (CARD_NAME, CATEGORY, NOTICE) 
VALUES ('#tag1카드 Navy (태그원카드 네이비)', 'EAT_OUT', '패밀리레스토랑 10% 우대 할인');

INSERT INTO CREDITCARD_NOTICE (CARD_NAME, CATEGORY, NOTICE) 
VALUES ('하나멤버스 1Q카드 내맘대로 트렌디형', 'EAT_OUT', '점심값 7% 하나머니 적립');

INSERT INTO CREDITCARD_NOTICE (CARD_NAME, CATEGORY, NOTICE) 
VALUES ('하나멤버스 1Q카드 내맘대로 트렌디형', 'EAT_OUT', '커피,베이커리,배달앱 내맘대로 변경');

INSERT INTO CREDITCARD_NOTICE (CARD_NAME, CATEGORY, NOTICE) 
VALUES ('하나멤버스 1Q카드 내맘대로 직장인형', 'EAT_OUT', '점심값 7% 하나머니 적립');

INSERT INTO CREDITCARD_NOTICE (CARD_NAME, CATEGORY, NOTICE) 
VALUES ('하나멤버스 1Q카드 내맘대로 직장인형', 'EAT_OUT', '커피,베이커리,배달앱 내맘대로 변경');

INSERT INTO CREDITCARD_NOTICE (CARD_NAME, CATEGORY, NOTICE) 
VALUES ('하나멤버스 1Q카드 내맘대로 생활형', 'EAT_OUT', '점심값 7% 하나머니 적립');

INSERT INTO CREDITCARD_NOTICE (CARD_NAME, CATEGORY, NOTICE) 
VALUES ('하나멤버스 1Q카드 내맘대로 생활형', 'EAT_OUT', '커피,베이커리,배달앱 내맘대로 변경');

INSERT INTO CREDITCARD_NOTICE (CARD_NAME, CATEGORY, NOTICE) 
VALUES ('하나멤버스 1Q카드 내맘대로 웰빙형', 'EAT_OUT', '점심값 7% 하나머니 적립');

INSERT INTO CREDITCARD_NOTICE (CARD_NAME, CATEGORY, NOTICE) 
VALUES ('하나멤버스 1Q카드 내맘대로 웰빙형', 'EAT_OUT', '커피,베이커리,배달앱 내맘대로 변경');

INSERT INTO CREDITCARD_NOTICE (CARD_NAME, CATEGORY, NOTICE) 
VALUES ('하나멤버스 1Q카드 내맘대로 여행형', 'EAT_OUT', '점심값 7% 하나머니 적립');

INSERT INTO CREDITCARD_NOTICE (CARD_NAME, CATEGORY, NOTICE) 
VALUES ('하나멤버스 1Q카드 내맘대로 여행형', 'EAT_OUT', '커피,베이커리,배달앱 내맘대로 변경');

INSERT INTO CREDITCARD_NOTICE (CARD_NAME, CATEGORY, NOTICE) 
VALUES ('1Q Special+ (원큐 스페셜플러스)', 'EAT_OUT', '국내 음식점 월 최대 5천원 청구할인');

INSERT INTO CREDITCARD_NOTICE (CARD_NAME, CATEGORY, NOTICE) 
VALUES ('1Q Special+ (원큐 스페셜플러스)', 'EAT_OUT', '해외 전 가맹점 최대 1만 머니 적립');

INSERT INTO CREDITCARD_NOTICE (CARD_NAME, CATEGORY, NOTICE) 
VALUES ('#tag1카드 Orange (태그원카드 오렌지)', 'EAT_OUT', '패밀리레스토랑 10% 우대 할인');

INSERT INTO CREDITCARD_NOTICE (CARD_NAME, CATEGORY, NOTICE) 
VALUES ('하나 국민행복카드', 'NATIONAL_VOUCHER', '임신, 출산 진료비 지원(정부지원금)');

INSERT INTO CREDITCARD_NOTICE (CARD_NAME, CATEGORY, NOTICE) 
VALUES ('하나 국민행복카드', 'NATIONAL_VOUCHER', '청소년산모 임신, 출산 의료비 지원');

INSERT INTO CREDITCARD_NOTICE (CARD_NAME, CATEGORY, NOTICE) 
VALUES ('MULTI ON', 'CULTURE', '디지털 구독 4% 적립');

INSERT INTO CREDITCARD_NOTICE (CARD_NAME, CATEGORY, NOTICE) 
VALUES ('MULTI Young', 'CULTURE', '디지털 구독 30% 청구 할인');

INSERT INTO CREDITCARD_NOTICE (CARD_NAME, CATEGORY, NOTICE) 
VALUES ('Any PLUS (애니플러스)', 'CULTURE', '국내 공연/전시/도서 0.7% 할인');

INSERT INTO CREDITCARD_NOTICE (CARD_NAME, CATEGORY, NOTICE) 
VALUES ('Any PLUS (애니플러스)', 'CULTURE', '해외 공연/전시 관람 1.7% 할인');

INSERT INTO CREDITCARD_NOTICE (CARD_NAME, CATEGORY, NOTICE) 
VALUES ('모두의 신세계 하나카드', 'CAFE_BAKERY', '카페 20% 청구 할인');

INSERT INTO CREDITCARD_NOTICE (CARD_NAME, CATEGORY, NOTICE) 
VALUES ('모두의 신세계 하나카드', 'CAFE_BAKERY', '베이커리 20% 청구 할인');

INSERT INTO CREDITCARD_NOTICE (CARD_NAME, CATEGORY, NOTICE) 
VALUES ('하나 국민행복카드', 'CAFE_BAKERY', '커피 전문점 10% 청구할인');

INSERT INTO CREDITCARD_NOTICE (CARD_NAME, CATEGORY, NOTICE) 
VALUES ('CLUB SK (클럽SK)', 'CAFE_BAKERY', '커피전문점 최대 5% 할인');

INSERT INTO CREDITCARD_NOTICE (CARD_NAME, CATEGORY, NOTICE) 
VALUES ('CLUB SK (클럽SK)', 'CAFE_BAKERY', '영화/외식/커피/차량 서비스제공조건');

INSERT INTO CREDITCARD_NOTICE (CARD_NAME, CATEGORY, NOTICE) 
VALUES ('모두의 건강', 'CAFE_BAKERY', '커피 5% 하나머니 적립');

INSERT INTO CREDITCARD_NOTICE (CARD_NAME, CATEGORY, NOTICE) 
VALUES ('MULTI Oil', 'CAFE_BAKERY', '카페 5% 청구할인');

INSERT INTO CREDITCARD_NOTICE (CARD_NAME, CATEGORY, NOTICE) 
VALUES ('Mile 1.6 대한항공', 'CAFE_BAKERY', '스타벅스 4천원 청구할인');

INSERT INTO CREDITCARD_NOTICE (CARD_NAME, CATEGORY, NOTICE) 
VALUES ('Any PLUS (애니플러스)', 'CAFE_BAKERY', '국내 카페/베이커리 0.7% 할인');

INSERT INTO CREDITCARD_NOTICE (CARD_NAME, CATEGORY, NOTICE) 
VALUES ('Any PLUS (애니플러스)', 'CAFE_BAKERY', '해외 카페/베이커리 1.7% 할인');

INSERT INTO CREDITCARD_NOTICE (CARD_NAME, CATEGORY, NOTICE) 
VALUES ('1Q Shopping+ (원큐 쇼핑플러스)', 'CAFE_BAKERY', '스타벅스/커피빈 4천원 청구할인');

INSERT INTO CREDITCARD_NOTICE (CARD_NAME, CATEGORY, NOTICE) 
VALUES ('통커 카드', 'CAFE_BAKERY', '스타벅스 최대 50% 할인(월2만원)');

INSERT INTO CREDITCARD_NOTICE (CARD_NAME, CATEGORY, NOTICE) 
VALUES ('1Q Special+ (원큐 스페셜플러스)', 'CAFE_BAKERY', '스타벅스, 커피빈 4천원 청구할인');

INSERT INTO CREDITCARD_NOTICE (CARD_NAME, CATEGORY, NOTICE) 
VALUES ('CLUB PREMIER 카드 [Travel]', 'CAFE_BAKERY', '스타벅스, 커피빈 20% 청구할인');

INSERT INTO CREDITCARD_NOTICE (CARD_NAME, CATEGORY, NOTICE) 
VALUES ('1Q Daily+ (원큐 데일리플러스)', 'CAFE_BAKERY', '스타벅스,커피빈 월 최대 4천원 할인');

INSERT INTO CREDITCARD_NOTICE (CARD_NAME, CATEGORY, NOTICE) 
VALUES ('CLUB PREMIER 카드 [Hotel]', 'CAFE_BAKERY', '스타벅스, 커피빈 20% 청구할인');

INSERT INTO CREDITCARD_NOTICE (CARD_NAME, CATEGORY, NOTICE) 
VALUES ('#tag1카드 Orange (태그원카드 오렌지)', 'CAFE_BAKERY', '커피 50% 우대 할인');

INSERT INTO CREDITCARD_NOTICE (CARD_NAME, CATEGORY, NOTICE) 
VALUES ('my pass 마패 카드', 'CAFE_BAKERY', '커피 10% 할인');

INSERT INTO CREDITCARD_NOTICE (CARD_NAME, CATEGORY, NOTICE) 
VALUES ('Mile 1.6 아시아나', 'CAFE_BAKERY', '스타벅스 4천원 청구할인');

INSERT INTO CREDITCARD_NOTICE (CARD_NAME, CATEGORY, NOTICE) 
VALUES ('하나 국민행복카드', 'MEDICAL', '병원, 약국 업종 5% 청구할인');

INSERT INTO CREDITCARD_NOTICE (CARD_NAME, CATEGORY, NOTICE) 
VALUES ('하나 국민행복카드', 'MEDICAL', '산모, 신생아 건강관리 지원사업');

INSERT INTO CREDITCARD_NOTICE (CARD_NAME, CATEGORY, NOTICE) 
VALUES ('하나 국민행복카드', 'MEDICAL', '여성청소년 위생용품 바우처 지원');

INSERT INTO CREDITCARD_NOTICE (CARD_NAME, CATEGORY, NOTICE) 
VALUES ('모두의 건강', 'MEDICAL', '병원 5% 하나머니 적립');

INSERT INTO CREDITCARD_NOTICE (CARD_NAME, CATEGORY, NOTICE) 
VALUES ('Any PLUS (애니플러스)', 'MEDICAL', '국내 병원/약국 0.7% 할인');

INSERT INTO CREDITCARD_NOTICE (CARD_NAME, CATEGORY, NOTICE) 
VALUES ('Any PLUS (애니플러스)', 'MEDICAL', '국내 한의원 0.7% 할인');

INSERT INTO CREDITCARD_NOTICE (CARD_NAME, CATEGORY, NOTICE) 
VALUES ('Any PLUS (애니플러스)', 'MEDICAL', '해외 병원/약국 1.7% 할인');

INSERT INTO CREDITCARD_NOTICE (CARD_NAME, CATEGORY, NOTICE) 
VALUES ('하나멤버스 1Q카드 내맘대로 트렌디형', 'MEDICAL', '생활비 내맘대로 서비스');

INSERT INTO CREDITCARD_NOTICE (CARD_NAME, CATEGORY, NOTICE) 
VALUES ('하나멤버스 1Q카드 내맘대로 직장인형', 'MEDICAL', '생활비 내맘대로 서비스');

INSERT INTO CREDITCARD_NOTICE (CARD_NAME, CATEGORY, NOTICE) 
VALUES ('하나멤버스 1Q카드 내맘대로 생활형', 'MEDICAL', '생활비 내맘대로 서비스');

INSERT INTO CREDITCARD_NOTICE (CARD_NAME, CATEGORY, NOTICE) 
VALUES ('하나멤버스 1Q카드 내맘대로 웰빙형', 'MEDICAL', '생활비 내맘대로 서비스');

INSERT INTO CREDITCARD_NOTICE (CARD_NAME, CATEGORY, NOTICE) 
VALUES ('하나멤버스 1Q카드 내맘대로 여행형', 'MEDICAL', '생활비 내맘대로 서비스');

INSERT INTO CREDITCARD_NOTICE (CARD_NAME, CATEGORY, NOTICE) 
VALUES ('CLUB Signature SKYPASS', 'PREMIUM', '택1) 신라면세점 10만원 이용권');

INSERT INTO CREDITCARD_NOTICE (CARD_NAME, CATEGORY, NOTICE) 
VALUES ('CLUB Signature SKYPASS', 'PREMIUM', '택2) 호텔 외식통합 12만원 이용권');

INSERT INTO CREDITCARD_NOTICE (CARD_NAME, CATEGORY, NOTICE) 
VALUES ('CLUB Signature SKYPASS', 'PREMIUM', '연 1회, 2가지 중 1가지 선택제공');

INSERT INTO CREDITCARD_NOTICE (CARD_NAME, CATEGORY, NOTICE) 
VALUES ('CLUB PREMIER 카드 [Travel]', 'PREMIUM', '국내 6대 저가항공 50% 청구할인');

INSERT INTO CREDITCARD_NOTICE (CARD_NAME, CATEGORY, NOTICE) 
VALUES ('CLUB PREMIER 카드 [Travel]', 'PREMIUM', '전 세계 제휴 라운지 무료 입장');

INSERT INTO CREDITCARD_NOTICE (CARD_NAME, CATEGORY, NOTICE) 
VALUES ('CLUB PREMIER 카드 [Travel]', 'PREMIUM', '국제 브랜드 서비스');

INSERT INTO CREDITCARD_NOTICE (CARD_NAME, CATEGORY, NOTICE) 
VALUES ('CLUB Primus Skypass', 'PREMIUM', '호텔 식음매장 10% 현장할인 서비스');

INSERT INTO CREDITCARD_NOTICE (CARD_NAME, CATEGORY, NOTICE) 
VALUES ('CLUB Primus Skypass', 'PREMIUM', 'Smarⓣ 여행서비스');

INSERT INTO CREDITCARD_NOTICE (CARD_NAME, CATEGORY, NOTICE) 
VALUES ('CLUB PREMIER 카드 [Hotel]', 'PREMIUM', '국내 특급호텔 50% 청구할인');

INSERT INTO CREDITCARD_NOTICE (CARD_NAME, CATEGORY, NOTICE) 
VALUES ('CLUB PREMIER 카드 [Hotel]', 'PREMIUM', '전 세계 제휴 라운지 무료 입장');

INSERT INTO CREDITCARD_NOTICE (CARD_NAME, CATEGORY, NOTICE) 
VALUES ('CLUB PREMIER 카드 [Hotel]', 'PREMIUM', '국제 브랜드 서비스');

INSERT INTO CREDITCARD_NOTICE (CARD_NAME, CATEGORY, NOTICE) 
VALUES ('CLUB Signature Asiana Club', 'PREMIUM', '택1) 신라면세점 10만원 이용권');

INSERT INTO CREDITCARD_NOTICE (CARD_NAME, CATEGORY, NOTICE) 
VALUES ('CLUB Signature Asiana Club', 'PREMIUM', '택2) 호텔 외식통합 12만원 이용권');

INSERT INTO CREDITCARD_NOTICE (CARD_NAME, CATEGORY, NOTICE) 
VALUES ('CLUB Signature Asiana Club', 'PREMIUM', '연 1회, 2가지 중 1가지 선택제공');

INSERT INTO CREDITCARD_NOTICE (CARD_NAME, CATEGORY, NOTICE) 
VALUES ('CLUB SK (클럽SK)', 'ANNUAL_FEE_SUPPORT', '신규 회원 연회비 캐쉬백 이벤트!');

INSERT INTO CREDITCARD_NOTICE (CARD_NAME, CATEGORY, NOTICE) 
VALUES ('모두의 건강', 'ANNUAL_FEE_SUPPORT', '신규 회원 연회비 캐쉬백 이벤트!');

INSERT INTO CREDITCARD_NOTICE (CARD_NAME, CATEGORY, NOTICE) 
VALUES ('Any PLUS (애니플러스)', 'ANNUAL_FEE_SUPPORT', '신규 회원 연회비 캐쉬백 이벤트!');

INSERT INTO CREDITCARD_NOTICE (CARD_NAME, CATEGORY, NOTICE) 
VALUES ('1Q Shopping+ (원큐 쇼핑플러스)', 'ANNUAL_FEE_SUPPORT', '신규 회원 연회비 캐쉬백 이벤트!');

INSERT INTO CREDITCARD_NOTICE (CARD_NAME, CATEGORY, NOTICE) 
VALUES ('통커 카드', 'ANNUAL_FEE_SUPPORT', '신규 회원 연회비 캐쉬백 이벤트!');

INSERT INTO CREDITCARD_NOTICE (CARD_NAME, CATEGORY, NOTICE) 
VALUES ('#tag1카드 Navy (태그원카드 네이비)', 'ANNUAL_FEE_SUPPORT', '신규 회원 연회비 캐쉬백 이벤트!');

INSERT INTO CREDITCARD_NOTICE (CARD_NAME, CATEGORY, NOTICE) 
VALUES ('모두의 쇼핑', 'ANNUAL_FEE_SUPPORT', '신규 회원 연회비 캐쉬백 이벤트!');

INSERT INTO CREDITCARD_NOTICE (CARD_NAME, CATEGORY, NOTICE) 
VALUES ('1Q Daily+ (원큐 데일리플러스)', 'ANNUAL_FEE_SUPPORT', '신규 회원 연회비 캐쉬백 이벤트!');

INSERT INTO CREDITCARD_NOTICE (CARD_NAME, CATEGORY, NOTICE) 
VALUES ('Smart Any (스마트애니)', 'ANNUAL_FEE_SUPPORT', '신규 회원 연회비 캐쉬백 이벤트!');

INSERT INTO CREDITCARD_NOTICE (CARD_NAME, CATEGORY, NOTICE) 
VALUES ('#tag1카드 Orange (태그원카드 오렌지)', 'ANNUAL_FEE_SUPPORT', '신규 회원 연회비 캐쉬백 이벤트!');

INSERT INTO CREDITCARD_NOTICE (CARD_NAME, CATEGORY, NOTICE) 
VALUES ('my pass 마패 카드', 'ANNUAL_FEE_SUPPORT', '신규 회원 연회비 캐쉬백 이벤트!');

INSERT INTO CREDITCARD_NOTICE (CARD_NAME, CATEGORY, NOTICE) 
VALUES ('1Q Global VIVA (원큐 글로벌 비바)', 'ANNUAL_FEE_SUPPORT', '신규 회원 연회비 캐쉬백 이벤트!');

INSERT INTO CREDITCARD_NOTICE (CARD_NAME, CATEGORY, NOTICE) 
VALUES ('CLUB SK (클럽SK)', 'VOUCHER', 'Smarⓣ 여행서비스');

INSERT INTO CREDITCARD_NOTICE (CARD_NAME, CATEGORY, NOTICE) 
VALUES ('CLUB Primus Skypass', 'VOUCHER', 'Free package (택1)');

INSERT INTO CREDITCARD_NOTICE (CARD_NAME, CATEGORY, NOTICE) 
VALUES ('MULTI ON', 'ALWAYS_DISCOUNT', '전 가맹점 0.7% 적립');

INSERT INTO CREDITCARD_NOTICE (CARD_NAME, CATEGORY, NOTICE) 
VALUES ('MULTI Any', 'ALWAYS_DISCOUNT', '전가맹점 0.7% 하나머니 적립');

INSERT INTO CREDITCARD_NOTICE (CARD_NAME, CATEGORY, NOTICE) 
VALUES ('Any PLUS (애니플러스)', 'ALWAYS_DISCOUNT', '국내 가맹점 0.7% 할인');

INSERT INTO CREDITCARD_NOTICE (CARD_NAME, CATEGORY, NOTICE) 
VALUES ('Any PLUS (애니플러스)', 'ALWAYS_DISCOUNT', '국내 온라인 가맹점 1.7% 할인');

INSERT INTO CREDITCARD_NOTICE (CARD_NAME, CATEGORY, NOTICE) 
VALUES ('Any PLUS (애니플러스)', 'ALWAYS_DISCOUNT', '해외 가맹점 1.7% 할인');

INSERT INTO CREDITCARD_NOTICE (CARD_NAME, CATEGORY, NOTICE) 
VALUES ('1Q Shopping+ (원큐 쇼핑플러스)', 'ALWAYS_DISCOUNT', '해외 전 가맹점 최대 1만 머니 적립');

INSERT INTO CREDITCARD_NOTICE (CARD_NAME, CATEGORY, NOTICE) 
VALUES ('1Q Daily+ (원큐 데일리플러스)', 'ALWAYS_DISCOUNT', '국내 이용금액 최대 1.0% 적립');

INSERT INTO CREDITCARD_NOTICE (CARD_NAME, CATEGORY, NOTICE) 
VALUES ('1Q Daily+ (원큐 데일리플러스)', 'ALWAYS_DISCOUNT', '해외 전 가맹점 5천 하나머니 적립');

INSERT INTO CREDITCARD_NOTICE (CARD_NAME, CATEGORY, NOTICE) 
VALUES ('Smart Any (스마트애니)', 'ALWAYS_DISCOUNT', '모든 가맹점 0.8% 청구 할인');

INSERT INTO CREDITCARD_NOTICE (CARD_NAME, CATEGORY, NOTICE) 
VALUES ('Smart Any (스마트애니)', 'ALWAYS_DISCOUNT', '온라인 가맹점 최대1.4% 청구 할인');

INSERT INTO CREDITCARD_NOTICE (CARD_NAME, CATEGORY, NOTICE) 
VALUES ('하나 BC 그린카드 [전국형]', 'ALWAYS_DISCOUNT', '국내 가맹점 0.2%~0.8% 적립');

INSERT INTO CREDITCARD_NOTICE (CARD_NAME, CATEGORY, NOTICE) 
VALUES ('하나 BC 그린카드 [전국형]', 'ALWAYS_DISCOUNT', '2~3개월 무이자 할부');

INSERT INTO CREDITCARD_NOTICE (CARD_NAME, CATEGORY, NOTICE) 
VALUES ('모두의 신세계 하나카드', 'PUBLIC_TRANSPORTATION', '택시 20% 청구 할인 ');

INSERT INTO CREDITCARD_NOTICE (CARD_NAME, CATEGORY, NOTICE) 
VALUES ('MULTI Young', 'PUBLIC_TRANSPORTATION', '버스, 지하철 10% 청구 할인 제공');

INSERT INTO CREDITCARD_NOTICE (CARD_NAME, CATEGORY, NOTICE) 
VALUES ('CLUB SK (클럽SK)', 'PUBLIC_TRANSPORTATION', '대중교통 최대 7% 할인');

INSERT INTO CREDITCARD_NOTICE (CARD_NAME, CATEGORY, NOTICE) 
VALUES ('CLUB SK (클럽SK)', 'PUBLIC_TRANSPORTATION', '대중교통 서비스 제공 조건');

INSERT INTO CREDITCARD_NOTICE (CARD_NAME, CATEGORY, NOTICE) 
VALUES ('MULTI Any', 'PUBLIC_TRANSPORTATION', '버스, 지하철 4% 하나머니 적립');

INSERT INTO CREDITCARD_NOTICE (CARD_NAME, CATEGORY, NOTICE) 
VALUES ('Any PLUS (애니플러스)', 'PUBLIC_TRANSPORTATION', '국내 대중교통 이용 시 0.7% 할인');

INSERT INTO CREDITCARD_NOTICE (CARD_NAME, CATEGORY, NOTICE) 
VALUES ('Any PLUS (애니플러스)', 'PUBLIC_TRANSPORTATION', '해외 대중교통 이용 시 1.7% 할인');

INSERT INTO CREDITCARD_NOTICE (CARD_NAME, CATEGORY, NOTICE) 
VALUES ('1Q Shopping+ (원큐 쇼핑플러스)', 'PUBLIC_TRANSPORTATION', '대중교통 이용 시 최대 1만 머니적립');

INSERT INTO CREDITCARD_NOTICE (CARD_NAME, CATEGORY, NOTICE) 
VALUES ('하나멤버스 1Q카드 내맘대로 트렌디형', 'PUBLIC_TRANSPORTATION', '택시 10% 하나머니 적립');

INSERT INTO CREDITCARD_NOTICE (CARD_NAME, CATEGORY, NOTICE) 
VALUES ('하나멤버스 1Q카드 내맘대로 트렌디형', 'PUBLIC_TRANSPORTATION', '교통영역 내맘대로 서비스 변경');

INSERT INTO CREDITCARD_NOTICE (CARD_NAME, CATEGORY, NOTICE) 
VALUES ('하나멤버스 1Q카드 내맘대로 트렌디형', 'PUBLIC_TRANSPORTATION', '대중교통 5% 하나머니 적립');

INSERT INTO CREDITCARD_NOTICE (CARD_NAME, CATEGORY, NOTICE) 
VALUES ('하나멤버스 1Q카드 내맘대로 직장인형', 'PUBLIC_TRANSPORTATION', '택시 10% 하나머니 적립');

INSERT INTO CREDITCARD_NOTICE (CARD_NAME, CATEGORY, NOTICE) 
VALUES ('하나멤버스 1Q카드 내맘대로 직장인형', 'PUBLIC_TRANSPORTATION', '교통영역 내맘대로 서비스 변경');

INSERT INTO CREDITCARD_NOTICE (CARD_NAME, CATEGORY, NOTICE) 
VALUES ('하나멤버스 1Q카드 내맘대로 직장인형', 'PUBLIC_TRANSPORTATION', '대중교통 5% 하나머니 적립');

INSERT INTO CREDITCARD_NOTICE (CARD_NAME, CATEGORY, NOTICE) 
VALUES ('하나멤버스 1Q카드 내맘대로 직장인형', 'PUBLIC_TRANSPORTATION', '택시 10% 하나머니 적립');

INSERT INTO CREDITCARD_NOTICE (CARD_NAME, CATEGORY, NOTICE) 
VALUES ('하나멤버스 1Q카드 내맘대로 생활형', 'PUBLIC_TRANSPORTATION', '교통영역 내맘대로 서비스 변경');

INSERT INTO CREDITCARD_NOTICE (CARD_NAME, CATEGORY, NOTICE) 
VALUES ('하나멤버스 1Q카드 내맘대로 생활형', 'PUBLIC_TRANSPORTATION', '대중교통 5% 하나머니 적립');

INSERT INTO CREDITCARD_NOTICE (CARD_NAME, CATEGORY, NOTICE) 
VALUES ('하나멤버스 1Q카드 내맘대로 웰빙형', 'PUBLIC_TRANSPORTATION', '택시 10% 하나머니 적립');

INSERT INTO CREDITCARD_NOTICE (CARD_NAME, CATEGORY, NOTICE) 
VALUES ('하나멤버스 1Q카드 내맘대로 웰빙형', 'PUBLIC_TRANSPORTATION', '교통영역 내맘대로 서비스 변경');

INSERT INTO CREDITCARD_NOTICE (CARD_NAME, CATEGORY, NOTICE) 
VALUES ('하나멤버스 1Q카드 내맘대로 웰빙형', 'PUBLIC_TRANSPORTATION', '대중교통 5% 하나머니 적립');

INSERT INTO CREDITCARD_NOTICE (CARD_NAME, CATEGORY, NOTICE) 
VALUES ('하나멤버스 1Q카드 내맘대로 여행형', 'PUBLIC_TRANSPORTATION', '택시 10% 하나머니 적립');

INSERT INTO CREDITCARD_NOTICE (CARD_NAME, CATEGORY, NOTICE) 
VALUES ('하나멤버스 1Q카드 내맘대로 여행형', 'PUBLIC_TRANSPORTATION', '교통영역 내맘대로 서비스 변경');

INSERT INTO CREDITCARD_NOTICE (CARD_NAME, CATEGORY, NOTICE) 
VALUES ('하나멤버스 1Q카드 내맘대로 여행형', 'PUBLIC_TRANSPORTATION', '대중교통 5% 하나머니 적립');

INSERT INTO CREDITCARD_NOTICE (CARD_NAME, CATEGORY, NOTICE) 
VALUES ('1Q Special+ (원큐 스페셜플러스)', 'PUBLIC_TRANSPORTATION', '교통/통신/자동이체 최대 1만 적립');

INSERT INTO CREDITCARD_NOTICE (CARD_NAME, CATEGORY, NOTICE) 
VALUES ('CLUB PREMIER 카드 [Travel]', 'PUBLIC_TRANSPORTATION', '택시 업종 20% 청구할인');

INSERT INTO CREDITCARD_NOTICE (CARD_NAME, CATEGORY, NOTICE) 
VALUES ('CLUB Primus Skypass', 'PUBLIC_TRANSPORTATION', '택시 10% 청구할인 서비스');

INSERT INTO CREDITCARD_NOTICE (CARD_NAME, CATEGORY, NOTICE) 
VALUES ('1Q Daily+ (원큐 데일리플러스)', 'PUBLIC_TRANSPORTATION', '대중교통 이용 시 5천 하나머니 적립');

INSERT INTO CREDITCARD_NOTICE (CARD_NAME, CATEGORY, NOTICE) 
VALUES ('CLUB PREMIER 카드 [Hotel]', 'PUBLIC_TRANSPORTATION', '택시 20% 청구할인');

INSERT INTO CREDITCARD_NOTICE (CARD_NAME, CATEGORY, NOTICE) 
VALUES ('#tag1카드 Orange (태그원카드 오렌지)', 'PUBLIC_TRANSPORTATION', '대중교통 7% 우대 할인');

INSERT INTO CREDITCARD_NOTICE (CARD_NAME, CATEGORY, NOTICE) 
VALUES ('하나 BC 그린카드 [전국형]', 'PUBLIC_TRANSPORTATION', '버스, 지하철 10%~20% 적립');

INSERT INTO CREDITCARD_NOTICE (CARD_NAME, CATEGORY, NOTICE) 
VALUES ('하나 BC 그린카드 [전국형]', 'PUBLIC_TRANSPORTATION', 'KTX, 고속버스 5% 적립');

INSERT INTO CREDITCARD_NOTICE (CARD_NAME, CATEGORY, NOTICE) 
VALUES ('my pass 마패 카드', 'PUBLIC_TRANSPORTATION', '대중교통 20% 할인(월1만5천원)');

INSERT INTO CREDITCARD_NOTICE (CARD_NAME, CATEGORY, NOTICE) 
VALUES ('1Q Global VIVA (원큐 글로벌 비바)', 'PUBLIC_TRANSPORTATION', '대중교통 최대 1만 머니 적립');

INSERT INTO CREDITCARD_NOTICE (CARD_NAME, CATEGORY, NOTICE) 
VALUES ('CLUB SK (클럽SK)', 'MOVIE', '영화 최대 3천원 할인');

INSERT INTO CREDITCARD_NOTICE (CARD_NAME, CATEGORY, NOTICE) 
VALUES ('CLUB SK (클럽SK)', 'MOVIE', '영화/외식/커피/차량 서비스제공조건');

INSERT INTO CREDITCARD_NOTICE (CARD_NAME, CATEGORY, NOTICE) 
VALUES ('Mile 1.6 대한항공', 'MOVIE', 'CGV, 롯데시네마 4천원 청구할인');

INSERT INTO CREDITCARD_NOTICE (CARD_NAME, CATEGORY, NOTICE) 
VALUES ('Any PLUS (애니플러스)', 'MOVIE', '국내 영화관 0.7% 할인');

INSERT INTO CREDITCARD_NOTICE (CARD_NAME, CATEGORY, NOTICE) 
VALUES ('Any PLUS (애니플러스)', 'MOVIE', '해외 영화관 1.7% 할인');

INSERT INTO CREDITCARD_NOTICE (CARD_NAME, CATEGORY, NOTICE) 
VALUES ('#tag1카드 Navy (태그원카드 네이비)', 'MOVIE', '영화 4천원 할인');

INSERT INTO CREDITCARD_NOTICE (CARD_NAME, CATEGORY, NOTICE) 
VALUES ('하나멤버스 1Q카드 내맘대로 트렌디형', 'MOVIE', 'CGV, 롯데시네마, 메가박스 적립');

INSERT INTO CREDITCARD_NOTICE (CARD_NAME, CATEGORY, NOTICE) 
VALUES ('하나멤버스 1Q카드 내맘대로 직장인형', 'MOVIE', 'CGV, 롯데시네마, 메가박스 적립');

INSERT INTO CREDITCARD_NOTICE (CARD_NAME, CATEGORY, NOTICE) 
VALUES ('하나멤버스 1Q카드 내맘대로 생활형', 'MOVIE', 'CGV, 롯데시네마, 메가박스 적립');

INSERT INTO CREDITCARD_NOTICE (CARD_NAME, CATEGORY, NOTICE) 
VALUES ('하나멤버스 1Q카드 내맘대로 웰빙형', 'MOVIE', 'CGV, 롯데시네마, 메가박스 적립');

INSERT INTO CREDITCARD_NOTICE (CARD_NAME, CATEGORY, NOTICE) 
VALUES ('하나멤버스 1Q카드 내맘대로 여행형', 'MOVIE', 'CGV, 롯데시네마, 메가박스 적립');

INSERT INTO CREDITCARD_NOTICE (CARD_NAME, CATEGORY, NOTICE) 
VALUES ('#tag1카드 Orange (태그원카드 오렌지)', 'MOVIE', '영화 4천원 할인');

INSERT INTO CREDITCARD_NOTICE (CARD_NAME, CATEGORY, NOTICE) 
VALUES ('1Q Global VIVA (원큐 글로벌 비바)', 'MOVIE', '영화 5천원 할인');

INSERT INTO CREDITCARD_NOTICE (CARD_NAME, CATEGORY, NOTICE) 
VALUES ('Mile 1.6 아시아나', 'MOVIE', 'CGV, 롯데시네마 4천원 청구할인');

INSERT INTO CREDITCARD_NOTICE (CARD_NAME, CATEGORY, NOTICE) 
VALUES ('CLUB SK (클럽SK)', 'POINT_CASHBACK', 'OK캐쉬백포인트 적립 및 사용');

INSERT INTO CREDITCARD_NOTICE (CARD_NAME, CATEGORY, NOTICE) 
VALUES ('CLUB PREMIER 카드 [Travel]', 'POINT_CASHBACK', '국내외 최대 1.5% 하나머니 적립');

INSERT INTO CREDITCARD_NOTICE (CARD_NAME, CATEGORY, NOTICE) 
VALUES ('CLUB PREMIER 카드 [Hotel]', 'POINT_CASHBACK', '국내외 최대 1.5% 하나머니 적립');

INSERT INTO CREDITCARD_NOTICE (CARD_NAME, CATEGORY, NOTICE) 
VALUES ('하나 BC 그린카드 [전국형]', 'POINT_CASHBACK', '가장 많이 쓴 2개 업종 5배 적립');

INSERT INTO CREDITCARD_NOTICE (CARD_NAME, CATEGORY, NOTICE) 
VALUES ('하나 BC 그린카드 [전국형]', 'POINT_CASHBACK', '녹색매장,에코머니가맹점 이용 시 적립');

INSERT INTO CREDITCARD_NOTICE (CARD_NAME, CATEGORY, NOTICE) 
VALUES ('1Q Global VIVA (원큐 글로벌 비바)', 'POINT_CASHBACK', '국제브랜드 수수료(1%) 면제');

INSERT INTO CREDITCARD_NOTICE (CARD_NAME, CATEGORY, NOTICE) 
VALUES ('1Q Global VIVA (원큐 글로벌 비바)', 'POINT_CASHBACK', '글로벌 적립 최대 2만 머니');

INSERT INTO CREDITCARD_NOTICE (CARD_NAME, CATEGORY, NOTICE) 
VALUES ('모두의 신세계 하나카드', 'EASY_PAY', '페이결제 5% 청구할인 제공');

INSERT INTO CREDITCARD_NOTICE (CARD_NAME, CATEGORY, NOTICE) 
VALUES ('MULTI ON', 'EASY_PAY', '페이결제 1% 적립');

INSERT INTO CREDITCARD_NOTICE (CARD_NAME, CATEGORY, NOTICE) 
VALUES ('MULTI Living', 'EASY_PAY', '(매일) 페이결제 1% 할인');

INSERT INTO CREDITCARD_NOTICE (CARD_NAME, CATEGORY, NOTICE) 
VALUES ('MULTI Young', 'EASY_PAY', '페이결제 1% 청구 할인 제공');

INSERT INTO CREDITCARD_NOTICE (CARD_NAME, CATEGORY, NOTICE) 
VALUES ('MULTI Any', 'EASY_PAY', '페이결제 1% 하나머니 적립');

INSERT INTO CREDITCARD_NOTICE (CARD_NAME, CATEGORY, NOTICE) 
VALUES ('MULTI Oil', 'EASY_PAY', '페이결제 1% 청구 할인');

INSERT INTO CREDITCARD_NOTICE (CARD_NAME, CATEGORY, NOTICE) 
VALUES ('Smart Any (스마트애니)', 'EASY_PAY', '1Q Pay 이용시 온라인 추가 할인');

INSERT INTO CREDITCARD_NOTICE (CARD_NAME, CATEGORY, NOTICE) 
VALUES ('MULTI Living', 'HYPERMART', '(주중) 대형마트 최대 10% 할인');

INSERT INTO CREDITCARD_NOTICE (CARD_NAME, CATEGORY, NOTICE) 
VALUES ('CLUB SK (클럽SK)', 'HYPERMART', '대형마트 최대 10%할인');

INSERT INTO CREDITCARD_NOTICE (CARD_NAME, CATEGORY, NOTICE) 
VALUES ('CLUB SK (클럽SK)', 'HYPERMART', '마트/학원 서비스 제공 조건');

INSERT INTO CREDITCARD_NOTICE (CARD_NAME, CATEGORY, NOTICE) 
VALUES ('MULTI Any', 'HYPERMART', '대형마트, SSM 2% 하나머니 적립');

INSERT INTO CREDITCARD_NOTICE (CARD_NAME, CATEGORY, NOTICE) 
VALUES ('모두의 건강', 'HYPERMART', '대형마트 5% 하나머니 적립');

INSERT INTO CREDITCARD_NOTICE (CARD_NAME, CATEGORY, NOTICE) 
VALUES ('Any PLUS (애니플러스)', 'HYPERMART', '국내 대형마트 0.7% 할인');

INSERT INTO CREDITCARD_NOTICE (CARD_NAME, CATEGORY, NOTICE) 
VALUES ('Any PLUS (애니플러스)', 'HYPERMART', '해외 대형마트 1.7% 할인');

INSERT INTO CREDITCARD_NOTICE (CARD_NAME, CATEGORY, NOTICE) 
VALUES ('1Q Shopping+ (원큐 쇼핑플러스)', 'HYPERMART', '대형마트 월 최대 4만 하나머니 적립');

INSERT INTO CREDITCARD_NOTICE (CARD_NAME, CATEGORY, NOTICE) 
VALUES ('#tag1카드 Navy (태그원카드 네이비)', 'HYPERMART', '대형마트 5% 우대 할인');

INSERT INTO CREDITCARD_NOTICE (CARD_NAME, CATEGORY, NOTICE) 
VALUES ('모두의 쇼핑', 'HYPERMART', '이마트,홈플러스,롯데마트 5% 적립');

INSERT INTO CREDITCARD_NOTICE (CARD_NAME, CATEGORY, NOTICE) 
VALUES ('모두의 쇼핑', 'HYPERMART', '신세계,롯데,현대 백화점 5% 적립');

INSERT INTO CREDITCARD_NOTICE (CARD_NAME, CATEGORY, NOTICE) 
VALUES ('모두의 쇼핑', 'HYPERMART', '이케아 5% 적립');

INSERT INTO CREDITCARD_NOTICE (CARD_NAME, CATEGORY, NOTICE) 
VALUES ('1Q Special+ (원큐 스페셜플러스)', 'HYPERMART', '지역쇼핑/주유 통합 월최대 4만 적립');

INSERT INTO CREDITCARD_NOTICE (CARD_NAME, CATEGORY, NOTICE) 
VALUES ('Any PLUS (애니플러스)', 'RENTAL', '렌탈 업종 0.7% 할인');

INSERT INTO CREDITCARD_NOTICE (CARD_NAME, CATEGORY, NOTICE) 
VALUES ('MULTI Living', 'OIL', '(주말) 주유/LPG 10% 할인');

INSERT INTO CREDITCARD_NOTICE (CARD_NAME, CATEGORY, NOTICE) 
VALUES ('CLUB SK (클럽SK)', 'OIL', 'SK주유 리터당 최대 150원 할인');

INSERT INTO CREDITCARD_NOTICE (CARD_NAME, CATEGORY, NOTICE) 
VALUES ('CLUB SK (클럽SK)', 'OIL', 'SK충전소 리터당 최대 70원 할인');

INSERT INTO CREDITCARD_NOTICE (CARD_NAME, CATEGORY, NOTICE) 
VALUES ('CLUB SK (클럽SK)', 'OIL', '주유/충전 할인 유의 사항 ');

INSERT INTO CREDITCARD_NOTICE (CARD_NAME, CATEGORY, NOTICE) 
VALUES ('CLUB SK (클럽SK)', 'OIL', '주유/충전 서비스 제공 조건');

INSERT INTO CREDITCARD_NOTICE (CARD_NAME, CATEGORY, NOTICE) 
VALUES ('MULTI Oil', 'OIL', '주유/LPG 10% 할인');

INSERT INTO CREDITCARD_NOTICE (CARD_NAME, CATEGORY, NOTICE) 
VALUES ('Any PLUS (애니플러스)', 'OIL', '국내 주유/충전소 0.7% 할인');

INSERT INTO CREDITCARD_NOTICE (CARD_NAME, CATEGORY, NOTICE) 
VALUES ('Any PLUS (애니플러스)', 'OIL', '해외 주유/충전소 1.7% 할인');

INSERT INTO CREDITCARD_NOTICE (CARD_NAME, CATEGORY, NOTICE) 
VALUES ('1Q Shopping+ (원큐 쇼핑플러스)', 'OIL', 'SK주유소 5만원 이상시 3천원 할인');

INSERT INTO CREDITCARD_NOTICE (CARD_NAME, CATEGORY, NOTICE) 
VALUES ('#tag1카드 Navy (태그원카드 네이비)', 'OIL', '주유 리터당 60원 우대 할인');

INSERT INTO CREDITCARD_NOTICE (CARD_NAME, CATEGORY, NOTICE) 
VALUES ('1Q Special+ (원큐 스페셜플러스)', 'OIL', '주유/지역쇼핑 통합 최대 4만 적립');

INSERT INTO CREDITCARD_NOTICE (CARD_NAME, CATEGORY, NOTICE) 
VALUES ('1Q Daily+ (원큐 데일리플러스)', 'OIL', 'SK주유소 3천원 청구할인');

INSERT INTO CREDITCARD_NOTICE (CARD_NAME, CATEGORY, NOTICE) 
VALUES ('CLUB PREMIER 카드 [Hotel]', 'OIL', '전 주유소 주유 리터당 100원 할인');

INSERT INTO CREDITCARD_NOTICE (CARD_NAME, CATEGORY, NOTICE) 
VALUES ('#tag1카드 Orange (태그원카드 오렌지)', 'OIL', '주유 리터당 60원 우대 할인');

INSERT INTO CREDITCARD_NOTICE (CARD_NAME, CATEGORY, NOTICE) 
VALUES ('MULTI Living', 'MAINTENANCE', '(매일) 전기/도시가스요금 5% 할인');

INSERT INTO CREDITCARD_NOTICE (CARD_NAME, CATEGORY, NOTICE) 
VALUES ('MULTI Young', 'MAINTENANCE', '전기/도시가스요금 10% 청구 할인');

INSERT INTO CREDITCARD_NOTICE (CARD_NAME, CATEGORY, NOTICE) 
VALUES ('1Q Shopping+ (원큐 쇼핑플러스)', 'MAINTENANCE', '아파트관리비/4대보험 5천 머니 적립');

INSERT INTO CREDITCARD_NOTICE (CARD_NAME, CATEGORY, NOTICE) 
VALUES ('#tag1카드 Navy (태그원카드 네이비)', 'MAINTENANCE', '아파트관리비 10% 우대 할인');

INSERT INTO CREDITCARD_NOTICE (CARD_NAME, CATEGORY, NOTICE) 
VALUES ('1Q Special+ (원큐 스페셜플러스)', 'MAINTENANCE', '자동이체/통신/교통 최대 1만 적립');

INSERT INTO CREDITCARD_NOTICE (CARD_NAME, CATEGORY, NOTICE) 
VALUES ('1Q Special+ (원큐 스페셜플러스)', 'MAINTENANCE', '아파트관리비/4대보험 적립');

INSERT INTO CREDITCARD_NOTICE (CARD_NAME, CATEGORY, NOTICE) 
VALUES ('1Q Daily+ (원큐 데일리플러스)', 'MAINTENANCE', '전기/도시가스 자동이체시 5천머니적립');

INSERT INTO CREDITCARD_NOTICE (CARD_NAME, CATEGORY, NOTICE) 
VALUES ('1Q Daily+ (원큐 데일리플러스)', 'MAINTENANCE', '아파트관리비/4대보험 5천 머니 적립');

INSERT INTO CREDITCARD_NOTICE (CARD_NAME, CATEGORY, NOTICE) 
VALUES ('하나 BC 그린카드 [전국형]', 'MAINTENANCE', '전기,수도,가스절약 시 포인트 적립');

INSERT INTO CREDITCARD_NOTICE (CARD_NAME, CATEGORY, NOTICE) 
VALUES ('1Q Global VIVA (원큐 글로벌 비바)', 'MAINTENANCE', '전기요금/도시가스요금 최대 1만 적립');

INSERT INTO CREDITCARD_NOTICE (CARD_NAME, CATEGORY, NOTICE) 
VALUES ('MULTI Young', 'CVS', '편의점 10% 청구 할인');

INSERT INTO CREDITCARD_NOTICE (CARD_NAME, CATEGORY, NOTICE) 
VALUES ('Any PLUS (애니플러스)', 'CVS', '국내 편의점 0.7% 할인');

INSERT INTO CREDITCARD_NOTICE (CARD_NAME, CATEGORY, NOTICE) 
VALUES ('Any PLUS (애니플러스)', 'CVS', '해외 편의점 1.7% 할인');

INSERT INTO CREDITCARD_NOTICE (CARD_NAME, CATEGORY, NOTICE) 
VALUES ('하나멤버스 1Q카드 내맘대로 트렌디형', 'CVS', '편의점 7% 하나머니 적립');

INSERT INTO CREDITCARD_NOTICE (CARD_NAME, CATEGORY, NOTICE) 
VALUES ('하나멤버스 1Q카드 내맘대로 트렌디형', 'CVS', '쇼핑영역 내맘대로 서비스 변경');

INSERT INTO CREDITCARD_NOTICE (CARD_NAME, CATEGORY, NOTICE) 
VALUES ('하나멤버스 1Q카드 내맘대로 직장인형', 'CVS', '편의점 7% 하나머니 적립');

INSERT INTO CREDITCARD_NOTICE (CARD_NAME, CATEGORY, NOTICE) 
VALUES ('하나멤버스 1Q카드 내맘대로 직장인형', 'CVS', '쇼핑영역 내맘대로 서비스 변경');

INSERT INTO CREDITCARD_NOTICE (CARD_NAME, CATEGORY, NOTICE) 
VALUES ('하나멤버스 1Q카드 내맘대로 생활형', 'CVS', '편의점 7% 하나머니 적립');

INSERT INTO CREDITCARD_NOTICE (CARD_NAME, CATEGORY, NOTICE) 
VALUES ('하나멤버스 1Q카드 내맘대로 생활형', 'CVS', '쇼핑영역 내맘대로 서비스 변경');

INSERT INTO CREDITCARD_NOTICE (CARD_NAME, CATEGORY, NOTICE) 
VALUES ('하나멤버스 1Q카드 내맘대로 웰빙형', 'CVS', '편의점 7% 하나머니 적립');

INSERT INTO CREDITCARD_NOTICE (CARD_NAME, CATEGORY, NOTICE) 
VALUES ('하나멤버스 1Q카드 내맘대로 웰빙형', 'CVS', '쇼핑영역 내맘대로 서비스 변경');

INSERT INTO CREDITCARD_NOTICE (CARD_NAME, CATEGORY, NOTICE) 
VALUES ('하나멤버스 1Q카드 내맘대로 여행형', 'CVS', '편의점 7% 하나머니 적립');

INSERT INTO CREDITCARD_NOTICE (CARD_NAME, CATEGORY, NOTICE) 
VALUES ('하나멤버스 1Q카드 내맘대로 여행형', 'CVS', '쇼핑영역 내맘대로 서비스 변경');

INSERT INTO CREDITCARD_NOTICE (CARD_NAME, CATEGORY, NOTICE) 
VALUES ('#tag1카드 Orange (태그원카드 오렌지)', 'CVS', '편의점 10% 우대 할인');

INSERT INTO CREDITCARD_NOTICE (CARD_NAME, CATEGORY, NOTICE) 
VALUES ('my pass 마패 카드', 'CVS', '편의점 10% 할인');

-----------------------------------
--6. 사용자카드 MEMBER_CARD

SELECT * FROM T_MEMBER WHERE MEMBER_NO=1;
commit;

SELECT * FROM MEMBER_CARD;

INSERT INTO MEMBER_CARD(CARD_NO, MEMBER_NO, CARD_CODE, CARD_PASSWORD, VALID_DATE, CVC_NO) VALUES ('1111-1111-2222-2222', 1, 1001, '1234', TO_DATE('2024-01-01', 'YYYY-MM-DD'), 123);


-----------------------------------
--7. 사용자거래내역 TRANSACTION_HISTORY

commit;
INSERT INTO TRANSACTION_HISTORY(HISTORY_DATE, HISTORY_TIME, AMOUNT, CATEGORY, STORE, CARD_NO) VALUES(SYSDATE, '10:00', 10000, '뷰티', '올리브영', '1111-1111-2222-2222');
INSERT INTO TRANSACTION_HISTORY(HISTORY_DATE, HISTORY_TIME, AMOUNT, CATEGORY, STORE, CARD_NO) VALUES(SYSDATE, '11:00', 10000, '외식', '맥도날드', '1111-1111-2222-2222');
INSERT INTO TRANSACTION_HISTORY(HISTORY_DATE, HISTORY_TIME, AMOUNT, CATEGORY, STORE, CARD_NO) VALUES('12:00', 10000, '대중교통', '버스', '1111-1111-2222-2222');
INSERT INTO TRANSACTION_HISTORY(HISTORY_DATE, HISTORY_TIME, AMOUNT, CATEGORY, STORE, CARD_NO) VALUES('13:00', 10000, '외식', 'KFC', '1111-1111-2222-2222');
INSERT INTO TRANSACTION_HISTORY(HISTORY_DATE, HISTORY_TIME, AMOUNT, CATEGORY, STORE, CARD_NO) VALUES('14:00', 10000, '대중교통', '지하철', '1111-1111-2222-2222');
INSERT INTO TRANSACTION_HISTORY(HISTORY_DATE, HISTORY_TIME, AMOUNT, CATEGORY, STORE, CARD_NO) VALUES('15:00', 10000, '뷰티', '올리브영', '1111-1111-2222-2222');
INSERT INTO TRANSACTION_HISTORY(HISTORY_DATE, HISTORY_TIME, AMOUNT, CATEGORY, STORE, CARD_NO) VALUES('16:00', 10000, '뷰티', '올리브영', '1111-1111-2222-2222');
INSERT INTO TRANSACTION_HISTORY(HISTORY_DATE, HISTORY_TIME, AMOUNT, CATEGORY, STORE, CARD_NO) VALUES('17:00', 10000, '뷰티', '올리브영', '1111-1111-2222-2222');
INSERT INTO TRANSACTION_HISTORY(HISTORY_DATE, HISTORY_TIME, AMOUNT, CATEGORY, STORE, CARD_NO) VALUES('18:00', 10000, '뷰티', '올리브영', '1111-1111-2222-2222');
INSERT INTO TRANSACTION_HISTORY(HISTORY_DATE, HISTORY_TIME, AMOUNT, CATEGORY, STORE, CARD_NO) VALUES('19:00', 10000, '뷰티', '올리브영', '1111-1111-2222-2222');
INSERT INTO TRANSACTION_HISTORY(HISTORY_DATE, HISTORY_TIME, AMOUNT, CATEGORY, STORE, CARD_NO) VALUES('20:00', 10000, '대중교통', '올리브영', '1111-1111-2222-2222');

INSERT INTO TRANSACTION_HISTORY(HISTORY_DATE, HISTORY_TIME, AMOUNT, CATEGORY, STORE, CARD_NO) VALUES(TO_DATE('2018/12/20'), '10:00', 10000, '뷰티', '올리브영', '1111-1111-2222-2222');
INSERT INTO TRANSACTION_HISTORY(HISTORY_DATE, HISTORY_TIME, AMOUNT, CATEGORY, STORE, CARD_NO) VALUES(TO_DATE('2018/12/20'), '10:00', 10000, '외식', '맥도날드', '1111-1111-2222-2222');
INSERT INTO TRANSACTION_HISTORY(HISTORY_DATE, HISTORY_TIME, AMOUNT, CATEGORY, STORE, CARD_NO) VALUES(TO_DATE('2018/12/20'), '10:00', 10000, '대중교통', '버스', '1111-1111-2222-2222');
INSERT INTO TRANSACTION_HISTORY(HISTORY_DATE, HISTORY_TIME, AMOUNT, CATEGORY, STORE, CARD_NO) VALUES(TO_DATE('2018/12/20'), '10:00', 10000, '외식', 'KFC', '1111-1111-2222-2222');
INSERT INTO TRANSACTION_HISTORY(HISTORY_DATE, HISTORY_TIME, AMOUNT, CATEGORY, STORE, CARD_NO) VALUES(TO_DATE('2018/12/20'), '10:00', 10000, '대중교통', '지하철', '1111-1111-2222-2222');
INSERT INTO TRANSACTION_HISTORY(HISTORY_DATE, HISTORY_TIME, AMOUNT, CATEGORY, STORE, CARD_NO) VALUES(TO_DATE('2018/12/20'), '10:00', 10000, '뷰티', '올리브영', '1111-1111-2222-2222');
INSERT INTO TRANSACTION_HISTORY(HISTORY_DATE, HISTORY_TIME, AMOUNT, CATEGORY, STORE, CARD_NO) VALUES(TO_DATE('2018/12/20'), '10:00', 10000, '뷰티', '올리브영', '1111-1111-2222-2222');
INSERT INTO TRANSACTION_HISTORY(HISTORY_DATE, HISTORY_TIME, AMOUNT, CATEGORY, STORE, CARD_NO) VALUES(TO_DATE('2018/12/20'), '10:00', 10000, '뷰티', '올리브영', '1111-1111-2222-2222');
INSERT INTO TRANSACTION_HISTORY(HISTORY_DATE, HISTORY_TIME, AMOUNT, CATEGORY, STORE, CARD_NO) VALUES(TO_DATE('2018/12/20'), '10:00', 10000, '뷰티', '올리브영', '1111-1111-2222-2222');
INSERT INTO TRANSACTION_HISTORY(HISTORY_DATE, HISTORY_TIME, AMOUNT, CATEGORY, STORE, CARD_NO) VALUES(TO_DATE('2018/12/20'), '10:00', 10000, '뷰티', '올리브영', '1111-1111-2222-2222');
INSERT INTO TRANSACTION_HISTORY(HISTORY_DATE, HISTORY_TIME, AMOUNT, CATEGORY, STORE, CARD_NO) VALUES(TO_DATE('2018/12/20'), '10:00', 10000, '대중교통', '올리브영', '1111-1111-2222-2222');


commit;


SELECT * FROM MEMBER_CARD WHERE CARD_NO='1111-1111-2222-2222';











-----------------------------------
--3. MEMBER_CARD
SELECT * FROM MEMBER_CARD;

INSERT INTO MEMBER_CARD(CARD_NO, MEMBER_NO, CARD_NAME, CARD_PASSWORD, VALID_DATE, CARD_TYPE, CVC_NO) VALUES ('1111-1111-1111-1111', 1, '하나카드1', '1234', '2024-08-31', 'CHECK', '123');
INSERT INTO MEMBER_CARD(CARD_NO, MEMBER_NO, CARD_NAME, CARD_PASSWORD, VALID_DATE, CARD_TYPE, CVC_NO) VALUES ('1010-1010-1010-1011', 2, '하나카드2', '1234', '2024-08-31', 'CHECK', '234');
INSERT INTO MEMBER_CARD(CARD_NO, MEMBER_NO, CARD_NAME, CARD_PASSWORD, VALID_DATE, CARD_TYPE, CVC_NO) VALUES ('1010-1010-1010-1012', 3, '하나카드3', '1234', '2024-08-31', 'CHECK', '123');
INSERT INTO MEMBER_CARD(CARD_NO, MEMBER_NO, CARD_NAME, CARD_PASSWORD, VALID_DATE, CARD_TYPE, CVC_NO) VALUES ('1010-1010-1010-1013', 4, '하나카드4', '1234', '2024-08-31', 'CHECK', '123');
INSERT INTO MEMBER_CARD(CARD_NO, MEMBER_NO, CARD_NAME, CARD_PASSWORD, VALID_DATE, CARD_TYPE, CVC_NO) VALUES ('1010-1010-1010-1014', 5, '하나카드5', '1234', '2024-08-31', 'CREDIT', '234');
INSERT INTO MEMBER_CARD(CARD_NO, MEMBER_NO, CARD_NAME, CARD_PASSWORD, VALID_DATE, CARD_TYPE, CVC_NO) VALUES ('1010-1010-1010-1015', 6, '하나카드6', '1234', '2024-08-31', 'CHECK', '324');
INSERT INTO MEMBER_CARD(CARD_NO, MEMBER_NO, CARD_NAME, CARD_PASSWORD, VALID_DATE, CARD_TYPE, CVC_NO) VALUES ('1010-1010-1010-1016', 7, '하나카드7', '1234', '2024-08-31', 'CHECK', '234');
INSERT INTO MEMBER_CARD(CARD_NO, MEMBER_NO, CARD_NAME, CARD_PASSWORD, VALID_DATE, CARD_TYPE, CVC_NO) VALUES ('1010-1010-1010-1017', 8, '하나카드8', '1234', '2024-08-31', 'CREDIT', '432');
INSERT INTO MEMBER_CARD(CARD_NO, MEMBER_NO, CARD_NAME, CARD_PASSWORD, VALID_DATE, CARD_TYPE, CVC_NO) VALUES ('1010-1010-1010-1018', 9, '하나카드9', '1234', '2024-08-31', 'CHECK', '432');
INSERT INTO MEMBER_CARD(CARD_NO, MEMBER_NO, CARD_NAME, CARD_PASSWORD, VALID_DATE, CARD_TYPE, CVC_NO) VALUES ('1010-1010-1010-1019', 10, '하나카드10', '1234', '2024-08-31', 'CHECK', '123');







-----------------------------------
--1. 관리사원 MANAGER
INSERT INTO MANAGER(MANAGER_NO, NAME, DEPT) VALUES ('1001', '조세진', '카드영업부');
INSERT INTO MANAGER(MANAGER_NO, NAME, DEPT) VALUES ('1002', '정현석', '카드영업부');
INSERT INTO MANAGER(MANAGER_NO, NAME, DEPT) VALUES ('1003', '윤소영', '카드영업부');
INSERT INTO MANAGER(MANAGER_NO, NAME, DEPT) VALUES ('1004', '안재훈', '카드영업부');
INSERT INTO MANAGER(MANAGER_NO, NAME, DEPT) VALUES ('1005', '이기찬', '카드영업부');
INSERT INTO MANAGER(MANAGER_NO, NAME, DEPT) VALUES ('1006', '김영업', '카드영업부');
INSERT INTO MANAGER(MANAGER_NO, NAME, DEPT) VALUES ('1007', '구영업', '카드영업부');
INSERT INTO MANAGER(MANAGER_NO, NAME, DEPT) VALUES ('1008', '조영업', '카드영업부');
INSERT INTO MANAGER(MANAGER_NO, NAME, DEPT) VALUES ('1009', '윤영업', '카드영업부');
INSERT INTO MANAGER(MANAGER_NO, NAME, DEPT) VALUES ('1010', '원영업', '카드영업부');

SELECT * FROM MANAGER;

-----------------------------------
--3. 문의게시판 QA_BOARD
SELECT * FROM QA_BOARD;

INSERT INTO QA_BOARD(MEMBER_NO, UPPER_NO, CONTENT, REPLY, VIEW_CNT, CONTENT_CATEGORY) VALUES (1, -1, 'TEST내용입니다1', '댓글입니다', 20, '사용관련문의');
INSERT INTO QA_BOARD(MEMBER_NO, UPPER_NO, CONTENT, REPLY, VIEW_CNT, CONTENT_CATEGORY) VALUES (2, -1, 'TEST내용입니다1', '댓글입니다', 14, '구매관련문의');
INSERT INTO QA_BOARD(MEMBER_NO, UPPER_NO, CONTENT, REPLY, VIEW_CNT, CONTENT_CATEGORY) VALUES (5, -1, 'TEST내용입니다1', '댓글입니다', 20, '기타문의');
INSERT INTO QA_BOARD(MEMBER_NO, UPPER_NO, CONTENT, REPLY, VIEW_CNT, CONTENT_CATEGORY) VALUES (6, 5, 'TEST내용입니다1', '댓글입니다', 12, '사용관련문의');
INSERT INTO QA_BOARD(MEMBER_NO, UPPER_NO, CONTENT, REPLY, VIEW_CNT, CONTENT_CATEGORY) VALUES (5, 4, 'TEST내용입니다1', '댓글입니다', 20, '사용관련문의');
INSERT INTO QA_BOARD(MEMBER_NO, UPPER_NO, CONTENT, REPLY, VIEW_CNT, CONTENT_CATEGORY) VALUES (1, -1, 'TEST내용입니다1', '댓글입니다', 20, '사용관련문의');
INSERT INTO QA_BOARD(MEMBER_NO, UPPER_NO, CONTENT, REPLY, VIEW_CNT, CONTENT_CATEGORY) VALUES (2, 6, 'TEST내용입니다1', '댓글입니다', 6, '사용관련문의');
INSERT INTO QA_BOARD(MEMBER_NO, UPPER_NO, CONTENT, REPLY, VIEW_CNT, CONTENT_CATEGORY) VALUES (5, -1, 'TEST내용입니다1', '댓글입니다', 20, '사용관련문의');
INSERT INTO QA_BOARD(MEMBER_NO, UPPER_NO, CONTENT, REPLY, VIEW_CNT, CONTENT_CATEGORY) VALUES (6, 3, 'TEST내용입니다1', '댓글입니다', 20, '사용관련문의');
INSERT INTO QA_BOARD(MEMBER_NO, UPPER_NO, CONTENT, REPLY, VIEW_CNT, CONTENT_CATEGORY) VALUES (5, -1, 'TEST내용입니다1', '댓글입니다', 20, '사용관련문의');

-----------------------------------
--4. 사용자계좌 MEMBER_ACCOUNT
SELECT * FROM MEMBER_ACCOUNT;

INSERT INTO MEMBER_ACCOUNT(ACC_NO, BALANCE, ACC_PW, ACC_NICKNAME, MEMBER_NO) VALUES ('111-111-111', 10000, '1234', '체크카드용', 1);
INSERT INTO MEMBER_ACCOUNT(ACC_NO, BALANCE, ACC_PW, ACC_NICKNAME, MEMBER_NO) VALUES ('111-111-112', 20000, '1234', '체크카드용', 2);
INSERT INTO MEMBER_ACCOUNT(ACC_NO, BALANCE, ACC_PW, ACC_NICKNAME, MEMBER_NO) VALUES ('111-111-113', 30000, '1234', '체크카드용', 7);
INSERT INTO MEMBER_ACCOUNT(ACC_NO, BALANCE, ACC_PW, ACC_NICKNAME, MEMBER_NO) VALUES ('111-111-114', 40000, '1234', '체크카드용', 1);
INSERT INTO MEMBER_ACCOUNT(ACC_NO, BALANCE, ACC_PW, ACC_NICKNAME, MEMBER_NO) VALUES ('111-111-115', 50000, '1234', '체크카드용', 5);
INSERT INTO MEMBER_ACCOUNT(ACC_NO, BALANCE, ACC_PW, ACC_NICKNAME, MEMBER_NO) VALUES ('111-111-116', 60000, '1234', '체크카드용', 6);
INSERT INTO MEMBER_ACCOUNT(ACC_NO, BALANCE, ACC_PW, ACC_NICKNAME, MEMBER_NO) VALUES ('111-111-117', 70000, '1234', '체크카드용', 2);
INSERT INTO MEMBER_ACCOUNT(ACC_NO, BALANCE, ACC_PW, ACC_NICKNAME, MEMBER_NO) VALUES ('111-111-118', 80000, '1234', '체크카드용', 5);
INSERT INTO MEMBER_ACCOUNT(ACC_NO, BALANCE, ACC_PW, ACC_NICKNAME, MEMBER_NO) VALUES ('111-111-119', 90000, '1234', '체크카드용', 2);
INSERT INTO MEMBER_ACCOUNT(ACC_NO, BALANCE, ACC_PW, ACC_NICKNAME, MEMBER_NO) VALUES ('111-111-110', 10000, '1234', '체크카드용', 1);
-----------------------------------
--5. 카드정보 CARD_INFO
SELECT * FROM CARD_INFO;

INSERT INTO CARD_INFO(CARD_NAME, CARD_CREATING_DATE, CARD_TYPE) VALUES ('하나카드1', '2021-01-01', '체크카드');
INSERT INTO CARD_INFO(CARD_NAME, CARD_CREATING_DATE, CARD_TYPE) VALUES ('하나카드2', '2020-01-01', '체크카드');
INSERT INTO CARD_INFO(CARD_NAME, CARD_CREATING_DATE, CARD_TYPE) VALUES ('하나카드3', '2019-01-01', '신용카드');
INSERT INTO CARD_INFO(CARD_NAME, CARD_CREATING_DATE, CARD_TYPE) VALUES ('하나카드4', '2020-01-01', '체크카드');
INSERT INTO CARD_INFO(CARD_NAME, CARD_CREATING_DATE, CARD_TYPE) VALUES ('하나카드5', '2020-01-01', '신용카드');
INSERT INTO CARD_INFO(CARD_NAME, CARD_CREATING_DATE, CARD_TYPE) VALUES ('하나카드6', '2019-01-01', '체크카드');
INSERT INTO CARD_INFO(CARD_NAME, CARD_CREATING_DATE, CARD_TYPE) VALUES ('하나카드7', '2018-01-01', '체크카드');
INSERT INTO CARD_INFO(CARD_NAME, CARD_CREATING_DATE, CARD_TYPE) VALUES ('하나카드8', '2020-01-01', '체크카드');
INSERT INTO CARD_INFO(CARD_NAME, CARD_CREATING_DATE, CARD_TYPE) VALUES ('하나카드9', '2018-01-01', '체크카드');
INSERT INTO CARD_INFO(CARD_NAME, CARD_CREATING_DATE, CARD_TYPE) VALUES ('하나카드10', '2021-01-01', '체크카드');
-----------------------------------
--6. 사용자카드 MEMBER_CARD
SELECT * FROM MEMBER_CARD;

INSERT INTO MEMBER_CARD(CARD_NO, CARD_NAME, CARD_PASSWORD, ACC_NO) VALUES ('1111-1111-1111-1111', '하나카드1', '1234', '111-111-111');
INSERT INTO MEMBER_CARD(CARD_NO, CARD_NAME, CARD_PASSWORD, ACC_NO) VALUES ('1010-1010-1010-1011', '하나카드2', '1234', '111-111-112');
INSERT INTO MEMBER_CARD(CARD_NO, CARD_NAME, CARD_PASSWORD, ACC_NO) VALUES ('1010-1010-1010-1012', '하나카드3', '1234', '111-111-113');
INSERT INTO MEMBER_CARD(CARD_NO, CARD_NAME, CARD_PASSWORD, ACC_NO) VALUES ('1010-1010-1010-1013', '하나카드4', '1234', '111-111-114');
INSERT INTO MEMBER_CARD(CARD_NO, CARD_NAME, CARD_PASSWORD, ACC_NO) VALUES ('1010-1010-1010-1014', '하나카드5', '1234', '111-111-115');
INSERT INTO MEMBER_CARD(CARD_NO, CARD_NAME, CARD_PASSWORD, ACC_NO) VALUES ('1010-1010-1010-1015', '하나카드6', '1234', '111-111-116');
INSERT INTO MEMBER_CARD(CARD_NO, CARD_NAME, CARD_PASSWORD, ACC_NO) VALUES ('1010-1010-1010-1016', '하나카드7', '1234', '111-111-117');
INSERT INTO MEMBER_CARD(CARD_NO, CARD_NAME, CARD_PASSWORD, ACC_NO) VALUES ('1010-1010-1010-1017', '하나카드8', '1234', '111-111-118');
INSERT INTO MEMBER_CARD(CARD_NO, CARD_NAME, CARD_PASSWORD, ACC_NO) VALUES ('1010-1010-1010-1018', '하나카드9', '1234', '111-111-119');
INSERT INTO MEMBER_CARD(CARD_NO, CARD_NAME, CARD_PASSWORD, ACC_NO) VALUES ('1010-1010-1010-1019', '하나카드10', '1234', '111-111-110');

-----------------------------------
--7. 사용자거래내역 TRANSACTION_HISTORY
SELECT * FROM TRANSACTION_HISTORY;

INSERT INTO TRANSACTION_HISTORY(HISTORY_DATE, HISTORY_TIME, AMOUNT, CATEGORY, STORE, CARD_NO) VALUES('10:00', 10000, '미용', '올리브영', '1111-1111-1111-1111');
INSERT INTO TRANSACTION_HISTORY(HISTORY_DATE, HISTORY_TIME, AMOUNT, CATEGORY, STORE, CARD_NO) VALUES('11:00', 10000, '음식', '맥도날드', '1111-1111-1111-1111');
INSERT INTO TRANSACTION_HISTORY(HISTORY_DATE, HISTORY_TIME, AMOUNT, CATEGORY, STORE, CARD_NO) VALUES('12:00', 10000, '교통', '버스', '1111-1111-1111-1111');
INSERT INTO TRANSACTION_HISTORY(HISTORY_DATE, HISTORY_TIME, AMOUNT, CATEGORY, STORE, CARD_NO) VALUES('13:00', 10000, '음식', 'KFC', '1111-1111-1111-1111');
INSERT INTO TRANSACTION_HISTORY(HISTORY_DATE, HISTORY_TIME, AMOUNT, CATEGORY, STORE, CARD_NO) VALUES('14:00', 10000, '교통', '지하철', '1111-1111-1111-1111');
INSERT INTO TRANSACTION_HISTORY(HISTORY_DATE, HISTORY_TIME, AMOUNT, CATEGORY, STORE, CARD_NO) VALUES('15:00', 10000, '미용', '올리브영', '1111-1111-1111-1111');
INSERT INTO TRANSACTION_HISTORY(HISTORY_DATE, HISTORY_TIME, AMOUNT, CATEGORY, STORE, CARD_NO) VALUES('16:00', 10000, '미용', '올리브영', '1111-1111-1111-1111');
INSERT INTO TRANSACTION_HISTORY(HISTORY_DATE, HISTORY_TIME, AMOUNT, CATEGORY, STORE, CARD_NO) VALUES('17:00', 10000, '미용', '올리브영', '1111-1111-1111-1111');
INSERT INTO TRANSACTION_HISTORY(HISTORY_DATE, HISTORY_TIME, AMOUNT, CATEGORY, STORE, CARD_NO) VALUES('18:00', 10000, '미용', '올리브영', '1111-1111-1111-1111');
INSERT INTO TRANSACTION_HISTORY(HISTORY_DATE, HISTORY_TIME, AMOUNT, CATEGORY, STORE, CARD_NO) VALUES('19:00', 10000, '미용', '올리브영', '1111-1111-1111-1111');
-----------------------------------
--8. 사용자카드리뷰 CARD_REVIEW

SELECT * FROM CARD_REVIEW;

INSERT INTO CARD_REVIEW(GRADE, BODY, CARD_NO) VALUES (2, '정말 별로에요', '1111-1111-1111-1111');
INSERT INTO CARD_REVIEW(GRADE, BODY, CARD_NO) VALUES (5, '정말 좋아요', '1010-1010-1010-1011');
INSERT INTO CARD_REVIEW(GRADE, BODY, CARD_NO) VALUES (2, '정말 별로에요', '1010-1010-1010-1012');
INSERT INTO CARD_REVIEW(GRADE, BODY, CARD_NO) VALUES (2, '정말 별로에요', '1010-1010-1010-1013');
INSERT INTO CARD_REVIEW(GRADE, BODY, CARD_NO) VALUES (2, '정말 별로에요', '1010-1010-1010-1014');
INSERT INTO CARD_REVIEW(GRADE, BODY, CARD_NO) VALUES (1, '정말 그냥 그래요', '1010-1010-1010-1015');
INSERT INTO CARD_REVIEW(GRADE, BODY, CARD_NO) VALUES (2, '정말 별로에요', '1010-1010-1010-1016');
INSERT INTO CARD_REVIEW(GRADE, BODY, CARD_NO) VALUES (2, '정말 별로에요', '1010-1010-1010-1017');
INSERT INTO CARD_REVIEW(GRADE, BODY, CARD_NO) VALUES (2, '정말 별로에요', '1010-1010-1010-1018');
INSERT INTO CARD_REVIEW(GRADE, BODY, CARD_NO) VALUES (2, '정말 별로에요', '1010-1010-1010-1019');

-----------------------------------
--9. 월간요약통계 MONTHLY SUMMARY
SELECT * FROM MONTHLY_SUMMARY;

INSERT INTO MONTHLY_SUMMARY(CARD_NO, MOST_EXPENDITURE_CATEGORIES, MAX_OF_EXPENDITURE, AVG_OF_EXPENDITURE_PER_CASE, MAX_EXPENDITURE_AREA, MAIN_CARD_NAME)
VALUES('1111-1111-1111-1111', '음식', 100000, 2500,'서울 종로구', '주거래카드');
INSERT INTO MONTHLY_SUMMARY(CARD_NO, MOST_EXPENDITURE_CATEGORIES, MAX_OF_EXPENDITURE, AVG_OF_EXPENDITURE_PER_CASE, MAX_EXPENDITURE_AREA, MAIN_CARD_NAME)
VALUES('1010-1010-1010-1011', '교통', 100000, 2500,'서울 종로구', '주거래카드');
INSERT INTO MONTHLY_SUMMARY(CARD_NO, MOST_EXPENDITURE_CATEGORIES, MAX_OF_EXPENDITURE, AVG_OF_EXPENDITURE_PER_CASE, MAX_EXPENDITURE_AREA, MAIN_CARD_NAME)
VALUES('1010-1010-1010-1012', '유흥', 100000, 2500,'서울 종로구', '주거래카드');
INSERT INTO MONTHLY_SUMMARY(CARD_NO, MOST_EXPENDITURE_CATEGORIES, MAX_OF_EXPENDITURE, AVG_OF_EXPENDITURE_PER_CASE, MAX_EXPENDITURE_AREA, MAIN_CARD_NAME)
VALUES('1010-1010-1010-1013', '카페', 100000, 2500,'서울 종로구', '주거래카드');
INSERT INTO MONTHLY_SUMMARY(CARD_NO, MOST_EXPENDITURE_CATEGORIES, MAX_OF_EXPENDITURE, AVG_OF_EXPENDITURE_PER_CASE, MAX_EXPENDITURE_AREA, MAIN_CARD_NAME)
VALUES('1010-1010-1010-1014', '음식', 100000, 2500,'서울 종로구', '주거래카드');
INSERT INTO MONTHLY_SUMMARY(CARD_NO, MOST_EXPENDITURE_CATEGORIES, MAX_OF_EXPENDITURE, AVG_OF_EXPENDITURE_PER_CASE, MAX_EXPENDITURE_AREA, MAIN_CARD_NAME)
VALUES('1010-1010-1010-1015', '음식', 100000, 2500,'서울 종로구', '주거래카드');
INSERT INTO MONTHLY_SUMMARY(CARD_NO, MOST_EXPENDITURE_CATEGORIES, MAX_OF_EXPENDITURE, AVG_OF_EXPENDITURE_PER_CASE, MAX_EXPENDITURE_AREA, MAIN_CARD_NAME)
VALUES('1010-1010-1010-1016', '음식', 100000, 2500,'서울 종로구', '주거래카드');
INSERT INTO MONTHLY_SUMMARY(CARD_NO, MOST_EXPENDITURE_CATEGORIES, MAX_OF_EXPENDITURE, AVG_OF_EXPENDITURE_PER_CASE, MAX_EXPENDITURE_AREA, MAIN_CARD_NAME)
VALUES('1010-1010-1010-1017', '음식', 100000, 2500,'서울 종로구', '주거래카드');
INSERT INTO MONTHLY_SUMMARY(CARD_NO, MOST_EXPENDITURE_CATEGORIES, MAX_OF_EXPENDITURE, AVG_OF_EXPENDITURE_PER_CASE, MAX_EXPENDITURE_AREA, MAIN_CARD_NAME)
VALUES('1010-1010-1010-1018', '음식', 100000, 2500,'서울 종로구', '주거래카드');
INSERT INTO MONTHLY_SUMMARY(CARD_NO, MOST_EXPENDITURE_CATEGORIES, MAX_OF_EXPENDITURE, AVG_OF_EXPENDITURE_PER_CASE, MAX_EXPENDITURE_AREA, MAIN_CARD_NAME)
VALUES('1010-1010-1010-1019', '음식', 100000, 2500,'서울 종로구', '주거래카드');
-----------------------------------
--10. 공통코드 TOTAL_CODE
SELECT * FROM TOTAL_CODE;
--미정

-----------------------------------
--11. 요약통계로그 SUMMARY_LOG
SELECT * FROM SUMMARY_LOG;

INSERT INTO SUMMARY_LOG(SENDING_DATE, TOTAL, OPEN_RATE) VALUES('2021-01-01', 100000, 30000);
INSERT INTO SUMMARY_LOG(SENDING_DATE, TOTAL, OPEN_RATE) VALUES('2021-02-01', 110000, 70000);
INSERT INTO SUMMARY_LOG(SENDING_DATE, TOTAL, OPEN_RATE) VALUES('2021-03-01', 120000, 80000);
INSERT INTO SUMMARY_LOG(SENDING_DATE, TOTAL, OPEN_RATE) VALUES('2021-04-01', 130000, 90000);
INSERT INTO SUMMARY_LOG(SENDING_DATE, TOTAL, OPEN_RATE) VALUES('2021-05-01', 140000, 100000);
INSERT INTO SUMMARY_LOG(SENDING_DATE, TOTAL, OPEN_RATE) VALUES('2021-06-01', 150000, 100000);
INSERT INTO SUMMARY_LOG(SENDING_DATE, TOTAL, OPEN_RATE) VALUES('2021-07-01', 160000, 100000);
INSERT INTO SUMMARY_LOG(SENDING_DATE, TOTAL, OPEN_RATE) VALUES('2021-08-01', 170000, 100000);
INSERT INTO SUMMARY_LOG(SENDING_DATE, TOTAL, OPEN_RATE) VALUES('2021-09-01', 180000, 100000);
INSERT INTO SUMMARY_LOG(SENDING_DATE, TOTAL, OPEN_RATE) VALUES('2021-10-01', 190000, 100000);



----------------------------------
-- 인사이트 도출부
BEGIN
    UPDATE MEMBER_ACCOUNT SET BALANCE = BALANCE - 1000 WHERE ACC_NO = '111-111-111'; 
    INSERT INTO TRANSACTION_HISTORY(HISTORY_DATE, HISTORY_TIME, AMOUNT, CATEGORY, STORE, CARD_NO) VALUES('11:00', 1000, '미용', '올리브영', '1111-1111-1111-1111'); 
    COMMIT;
EXCEPTION
    WHEN OTHERS THEN
    ROLLBACK;
END;    
/

-- 거래가 발생할때 사용한 카드와 연결된 계좌의 금액을 감소시킴과 동시에
-- 소비에 대한 가맹점, 금액, 사용한 카드번호, 일자 등을 로그 테이블에 기록할 수 있도록 함

BEGIN
    INSERT INTO MONTHLY_SUMMARY(MOST_EXPENDITURE_CATEGORIES, MAX_OF_EXPENDITURE, AVG_OF_EXPENDITURE_PER_CASE, MAX_EXPENDITURE_AREA, MAIN_CARD_NAME, CARD_NO)
    VALUES ((SELECT CATEGORY FROM (SELECT CATEGORY, COUNT(CATEGORY) AS CNT FROM TRANSACTION_HISTORY WHERE CARD_NO='1111-1111-1111-1111' GROUP BY CATEGORY ORDER BY CNT DESC) WHERE ROWNUM=1),
    (SELECT MAX(AMOUNT) AS MAX FROM TRANSACTION_HISTORY WHERE CARD_NO= '1111-1111-1111-1111'),
    (SELECT ROUND(SUM(AMOUNT)/COUNT(AMOUNT)) AS AVG FROM TRANSACTION_HISTORY WHERE CARD_NO= '1111-1111-1111-1111'),
    '서울 강남구', '주거래카드', '1111-1111-1111-1111');
    
    INSERT INTO SUMMARY_LOG(SENDING_DATE, TOTAL, OPEN_RATE) VALUES(SYSDATE, 100000, 30000);
    COMMIT;
EXCEPTION
    WHEN OTHERS THEN
    ROLLBACK;
END;    

-- 한달간 발생한 거래에 대해 매월 마지막 날 쯤, 배치 프로그램에 의해 해당월의 최다 지출 카테고리, 최다 지출액, 평균 지출액 등에 대해 계산하고, 인사이트에 대해 월간 요약 테이블에 인서트한다,
-- 또한 최종적으로 데이터가 모두 모이면 LOG테이블에 전체 보고서를 발송할 고객의 수, 예상 열람 고객의 수 등을 기입한다